,name,address,lat,long
0,수려한약국,서울 마포구 월드컵북로 137 1층 2호,37.5648258493667,126.91166211022
1,마포보건약국,서울 마포구 월드컵로 204 이안상암 105호,37.5653992058145,126.9021317644
2,바다약국,서울 마포구 월드컵북로 69,37.5599308118771,126.916342567679
3,온누리약국,서울 마포구 월드컵북로 126,37.5642966807285,126.912978191017
4,효성약국,서울 마포구 성미산로 91 1층,37.5612666383139,126.917636669928
5,비온뒤숲속약국,서울 마포구 월드컵로 111 풍성빌딩 1층,37.5581818786815,126.907859722016
6,건강약국,서울 마포구 방울내로 70 1층,37.5601052228662,126.903335232131
7,한우리약국,서울 마포구 망원로 73 1층,37.5575139951347,126.905048901976
8,구심당약국,서울 마포구 월드컵로25길 58 1층,37.5579302456566,126.904366595103
9,한사랑약국,서울 마포구 망원로 78 1층,37.5573194051396,126.905529807998
10,명성약국,서울 마포구 월드컵로 87 마포로얄프라자 103호,37.5564742974241,126.909240634072
11,기쁨약국,서울 마포구 월드컵로 82 소단빌딩 1층,37.5562482025164,126.910256083852
12,연세약국,서울 마포구 성미산로10길 44,37.5576196072514,126.915125786789
13,망원동약국,서울 마포구 망원로 69 1층,37.5574153066539,126.90456553807
14,코코약국,서울 마포구 망원로 74-1,37.557261280131,126.905179261937
15,옵티마상원약국,서울 마포구 월드컵로 75 1층,37.5556322935424,126.91015440036
16,망원그랜드약국,서울 마포구 월드컵로 79 유용빌딩 1층,37.5559403734127,126.909837708961
17,온누리메디칼약국,서울 마포구 월드컵로14길 5 1층,37.5560051813747,126.910702168336
18,모래내약국,서울 서대문구 수색로 34 1층,37.5695908292518,126.914940261811
19,망원우리약국,서울 마포구 망원로8길 55 구앤윤브릭하우스1층,37.5549751759124,126.906416532191
20,메디컬성모약국,서울 마포구 월드컵로 73 1층,37.5554229661709,126.910357684549
21,한미약국,서울 서대문구 수색로 30,37.5693738471486,126.915284959107
22,망원시장약국,서울 마포구 월드컵로13길 56 1층,37.5553763502947,126.90705059272
23,새봄약국,서울 마포구 월드컵로13길 34 두드림빌딩 1층,37.5556546238263,126.908260865455
24,솔약국,서울 서대문구 수색로 32,37.5694956315367,126.915117519587
25,환도약국,서울 마포구 방울내로 41 1층,37.5590264465115,126.90017939196
26,모래내백화점약국,서울 서대문구 수색로 38 1층,37.5698083576987,126.914480442523
27,가좌진약국,서울 서대문구 모래내로 137,37.5690965140899,126.916923756013
28,참사랑이화약국,서울 마포구 연남로 42 상가B동 117호,37.5630866997552,126.921544751313
29,수약국,서울 서대문구 수색로 48,37.5703970583853,126.913601142508
30,3층온누리약국,서울 마포구 월드컵북로 230 현대상가 305호,37.5701416409399,126.903831982249
31,드림약국,서울 서대문구 수색로 26,37.5691637999403,126.915753367707
32,이화사랑약국,서울 서대문구 수색로 56 성공타워1 3층 309-1호,37.5708136519192,126.912707653517
33,옵티마유한약국,서울 마포구 월드컵북로 236,37.5703001567881,126.903428235454
34,영진약국,서울 마포구 망원로8길 67 1층,37.5545611544018,126.906059539638
35,새서울DMC약국,서울 서대문구 수색로 56 성공타워1 407호,37.5708136519192,126.912707653517
36,명신당약국,서울 서대문구 홍제천로 14,37.56870499367,126.918942994877
37,제일약국,서울 마포구 포은로 68,37.5532574372969,126.906319543208
38,약초원약국,서울 마포구 망원로6길 50 지층,37.5547273217116,126.90373941352
39,윤약국,서울 서대문구 수색로2길 16-1,37.5695878083644,126.916260002477
40,우리들약국,서울 마포구 동교로 203 1층,37.5583242210884,126.923064967763
41,성지약국,서울 마포구 동교로 181,37.5568042389645,126.921558694852
42,성산연세약국,서울 마포구 월드컵북로38길 14 오윤빌딩 408호,37.5705956942743,126.903772875992
43,2층하늘약국,서울 마포구 월드컵북로 230 현대상가 201호,37.5701416409399,126.903831982249
44,튼튼약국,서울 서대문구 수색로 100 dmc래미안e편한세상아파트 103동상가,37.5747271873697,126.90781488868
45,햇살약국,서울 서대문구 북가좌동 481,37.5726489857162,126.910550761779
46,온누리미소약국,서울 마포구 월드컵로 29 JH빌딩 지하2층,37.5520126730141,126.912132850482
47,성산진약국,서울 마포구 월드컵북로38길 14 오윤빌딩 301호,37.5705956942743,126.903772875992
48,그린이화약국,서울 마포구 양화로 133 서교타워빌딩 B104-5호,37.55523107395,126.920982708821
49,행복한참약국,서울 서대문구 수색로 100 4단지상가1동 1-13호,37.55523107395,126.920982708821
50,용일약국,서울 서대문구 홍제천로2길 32,37.5697408703814,126.920536902409
51,청심약국,서울 마포구 희우정로 42-9 101호,37.551152747714,126.90694153959
52,연남약국,서울 마포구 양화로21길 31 1층 103호,37.5595015779604,126.924498193749
53,딜라이트이화약국,서울 마포구 월드컵로3길 14 220호,37.5510079695241,126.91164899787
54,참마음약국,서울 마포구 양화로 73 체리스빌딩 1층 101호,37.5514444977379,126.915961626849
55,합정동산약국,서울 마포구 양화로 45 홈플러스합정점 C-17호,37.5491226824276,126.913544566078
56,은혜온누리약국,서울 서대문구 수색로 56 성공타워1 125호,37.5708136519192,126.912707653517
57,소망약국,서울 마포구 양화로 165 상진빌딩 지하1층,37.5572083355752,126.923619092959
58,홍익약국,서울 마포구 양화로 136 지하1층,37.5548418082525,126.921606360324
59,이지약국,서울 마포구 양화로 152 대화빌딩 1층,37.5558241112217,126.922891779053
60,피크약국,서울 마포구 양화로 61 두암빌딩 1층,37.5508291995608,126.915070906412
61,홍대옵티마약국,서울 마포구 양화로 156 LG팰리스빌딩 117호,37.5561130617043,126.923446601456
62,파마트엘지약국,서울 마포구 양화로 156 LG팰리스빌딩 116호,37.5561130617043,126.923446601456
63,합정파란문약국,서울 마포구 월드컵로1길 14 마포한강푸르지오 2층 206호,37.5500497954747,126.912061257921
64,나라약국,서울 서대문구 가재울미래로 2 DMC파크뷰자이 별동상가 102호,37.5744203632344,126.917897379411
65,현정약국,서울 마포구 연희로 37 1층,37.5620836691686,126.927102767093
66,소명약국,서울 서대문구 모래내로15길 68,37.5745292056515,126.918812612908
67,행복한참약국,서울 서대문구 수색로 100 DMC래미안상가 4단지 13호,37.5747271873697,126.90781488868
68,행복약국,서울 마포구 연희로 5 지하1층,37.5592303251822,126.926268135168
69,종로태평양약국,서울 서대문구 거북골로 120,37.5754832622486,126.916097519773
70,합정365약국,서울 마포구 독막로 14 1층,37.5484287443146,126.914924028909
71,태평양약국,서울 마포구 홍익로 1 1층,37.5528408227331,126.924010816125
72,하늘약국,서울 마포구 독막로 2 2층,37.5484943057246,126.913639782796
73,홍대365약국,서울 마포구 와우산로27길 43 1층,37.5547020082202,126.926131923762
74,사랑의약국,서울 마포구 독막로 10 성지빌딩 3층,37.5484914168057,126.914498578681
75,백세당약국,서울 서대문구 응암로 54,37.5778922395463,126.910204528429
76,연희종로약국,서울 서대문구 연희로 109,37.5677931372994,126.931372918465
77,DMC4번출구약국,서울 은평구 수색로 지하 175 1층 3호,37.5771614352661,126.901928562926
78,참약국,서울 마포구 와우산로 149,37.5546048094002,126.929704861685
79,일신당약국,서울 서대문구 신촌로 9,37.5585323394548,126.928047528407
80,합정녹십자약국,서울 마포구 독막로 22 청명빌딩 1층,37.5482366441113,126.915793674144
81,홍대참신한약국,서울 마포구 어울마당로 62 1층,37.5506007838824,126.921429397327
82,소담약국,서울 마포구 성암로 179 한샘상암 1층,37.5761509117108,126.898763780833
83,모범약국,서울 서대문구 증가로 129,37.5772699263115,126.923236232043
84,정아약국,서울 마포구 독막로 43,37.548153988699,126.918180586365
85,푸른약국,서울 서대문구 거북골로 67,37.5774466854957,126.921161539281
86,광혜약국,서울 서대문구 성산로17길 5,37.5630112037856,126.931394282845
87,건강약국,서울 서대문구 가재울로6길 53-61,37.5767034421556,126.923053081057
88,열린약국,서울 마포구 신촌로 16 1층,37.5579923498279,126.92815918764
89,사러가약국,서울 서대문구 연희맛로 23,37.5671545853414,126.929661150132
90,안생약국,서울 마포구 와우산로 22,37.5463328068111,126.923152544326
91,유진온누리약국,서울 서대문구 연희로 85,37.5659975754095,126.929894728865
92,행운약국,서울 서대문구 증가로 138 102호,37.5777125608337,126.92223615963
93,최국희약국,서울 마포구 독막로 63 1층,37.5479941355479,126.920531816057
94,세계로약국,서울 마포구 월드컵북로 347 1층,37.576345413949,126.893216249483
95,거북당약국,서울 서대문구 응암로 53,37.5782043803412,126.909779737699
96,파크약국,서울 서대문구 증가로 150 DMC2차아이파크상가 B205호,37.5780547612815,126.92101916232
97,일출약국,서울 마포구 독막로 85 1층,37.5477716665856,126.922409857908
98,독수리약국,서울 서대문구 연세로 36,37.5587839163385,126.937240313986
99,대학약국 신촌점,서울 서대문구 연세로 37-1,37.559062152017,126.936748431874
100,증산약국,서울 은평구 증산로3길 6,37.5808135275778,126.905580737106
101,북가좌수약국,서울 서대문구 응암로 60,37.5784638098937,126.910533956998
102,새롬m약국,서울 서대문구 증가로 85,37.5748066796997,126.926752570081
103,굿모닝약국,서울 마포구 월드컵북로 361 DMC이안 상암2단지 102호,37.577109695587,126.891403860718
104,신촌세민약국,서울 마포구 신촌로 78 1층,37.5557083973332,126.934485075757
105,북가좌온누리약국,서울 서대문구 증가로 241,37.5825833699259,126.912750633402
106,초록약국,서울 은평구 수색로 191,37.5782509235095,126.901072414948
107,연세메디칼약국,서울 서대문구 응암로 100,37.581537921762,126.912837895172
108,삼성약국,서울 서대문구 연희맛로 28,37.5672811436291,126.930520718584
109,세빛약국,서울 서대문구 응암로 64 1층,37.5787172005808,126.910694183516
110,소생약국,서울 서대문구 응암로 81,37.5804400044725,126.911430149209
111,DMC4번출구약국,서울 은평구 수색로 지하 175 1층 3호,37.5771614352661,126.901928562926
112,평화약국,서울 서대문구 증가로 226,37.5817480671525,126.914361159217
113,은하약국,서울 서대문구 명지대3길 1,37.5822054658106,126.923631375579
114,희망약국,서울 서대문구 증가로 122,37.5773686267038,126.924277064509
115,원이약국,서울 마포구 상수동 72-1 제2기숙사 지하 1층 110호,37.5507257748161,126.925638030011
116,일심약국,서울 서대문구 연세로 42,37.5592424617438,126.937123694466
117,고일약국,서울 은평구 증산로3길 8,37.5811308166523,126.905529730567
118,성우당약국,서울 서대문구 연희로 114,37.567836879517,126.93191563436
119,봄약국,서울 서대문구 증가로 98 1층,37.5760220095323,126.926139622738
120,옵티마진약국,서울 서대문구 연희로 94,37.5663618193574,126.930762214072
121,파인약국,서울 서대문구 신촌로 65,37.5564361278078,126.933829609052
122,가까운신촌약국,서울 서대문구 연세로 40,37.5591497752888,126.937172778833
123,DMC하늘약국,서울 마포구 월드컵북로 361 DMC이안상암2단지 302호,37.577109695587,126.891403860718
124,푸름약국,서울 서대문구 연희로 122,37.5684574168521,126.932423872164
125,보건약국,서울 은평구 증산로9길 3,37.5846619505596,126.909859009186
126,드림약국,서울 마포구 월드컵북로 396 누리꿈스퀘어 지하 1010호,37.5794419093126,126.890322604776
127,매일여는약국,서울 마포구 월드컵북로 396 누리꿈스퀘어 B1094호,37.5794419093126,126.890322604776
128,연세프라자약국,서울 마포구 서강로 97 삼성아파트상가 1층,37.551934624933,126.932348598179
129,미소가득한약국,서울 마포구 월드컵북로 396 누리꿈스퀘어 115호,37.5794419093126,126.890322604776
130,선진약국,서울 마포구 독막로20길 53,37.5470609157044,126.928329009961
131,동경약국,서울 마포구 신촌로16길 4 1층 101호,37.5555058566542,126.934817077565
132,온누리약국,서울 서대문구 연세로 39,37.5591704174651,126.936684281057
133,소원약국,서울 은평구 수색로 256,37.5822499205314,126.896276025729
134,연세참사랑약국,서울 마포구 서강로 110,37.5525892651719,126.933734666413
135,더블유스토어연세약국,서울 마포구 신촌로 92,37.5551779164582,126.935680306816
136,예진약국,서울 마포구 월드컵북로 402 KGIT센터 321호,37.580107752042,126.888982346416
137,연세한우리약국,서울 마포구 서강로 106 1층,37.5523436143303,126.933505377894
138,우정옵티마약국,서울 마포구 백범로 4 1층,37.5543277907154,126.936784234683
139,신보건약국,서울 서대문구 연세로5길 32,37.5563637264718,126.935363643304
140,용약국,서울 마포구 신촌로 102-1 1층,37.5546237294451,126.937387418317
141,르호봇약국,서울 마포구 서강로 133 병우빌딩 4층,37.5544113917507,126.935266304232
142,맑은약국,서울 서대문구 신촌로 107 세인빌딩 1층,37.555654725645,126.937870146746
143,위드팜신촌약국,서울 서대문구 성산로 486,37.5607282670759,126.94126714618
144,엘리트약국,서울 서대문구 신촌로 99 엘리트빌딩 5층,37.5556905692992,126.937158820225
145,우리 이약국,서울 마포구 백범로 8 우정마샹스오피스텔 B110호,37.5540039439813,126.936731657301
146,안녕약국,서울 마포구 월드컵북로54길 25 상암DMC푸르지오시티 S City 오피스텔동 111호,37.5820926424763,126.888984720113
147,신마포약국,서울 마포구 창전로 45 서강한화오벨리스크 단지내 상가 108호,37.5468633373876,126.93200351596
148,신촌대로약국,서울 서대문구 신촌로 121 아남오피스텔 1층 103호,37.5562057965146,126.939295914138
149,원약국,서울 마포구 월드컵북로 396 누리꿈스퀘어 B107호,37.5794419093126,126.890322604776
150,메디팜건강약국,서울 은평구 수색로 270-1,37.5829041104308,126.894523570992
151,신촌온누리약국,서울 마포구 백범로 24 1층,37.5526154931602,126.937044159122
152,함께하는약국,서울 은평구 수색로 264-1,37.5826687054056,126.895056464137
153,소나무약국,서울 마포구 월드컵북로 402 케이지아이티센터 102호,37.580107752042,126.888982346416
154,세연약국,서울 서대문구 연세로 50 연세대학교 동문회관 1층,37.5638064365127,126.942930940634
155,큰사랑약국,서울 은평구 응암로 166,37.5867678984829,126.916426894993
156,호산나약국,서울 마포구 창전로 60,37.5477970115354,126.932894608936
157,유림약국,서울 마포구 신촌로 120 1층,37.5554718694508,126.939170321163
158,우리약국,서울 서대문구 성산로 492 1층,37.5611734948493,126.941722241069
159,온누리새소망약국,"서울 은평구 은평터널로 65 대림한숲상가동 1층 102,103호",37.5869084488294,126.899228930475
160,대림약국,"서울 은평구 은평터널로 65 상가동 101호,110호",37.5869084488294,126.899228930475
161,비타민약국,서울 은평구 응암로 162,37.5863914798597,126.916195440947
162,상암올리브약국,서울 마포구 월드컵북로 402 KGIT센터 314호,37.580107752042,126.888982346416
163,고래약국,서울 마포구 신촌로 지하 90,37.5554417865984,126.936119192554
164,소망온누리약국,서울 은평구 가좌로5길 22-1,37.586886140756,126.920383493973
165,평안온누리약국,서울 영등포구 양평로24길 9,37.5402803267019,126.891745831623
166,은평프라자약국,서울 은평구 증산로15길 6,37.5889518905026,126.912309665144
167,민들레약국,서울 은평구 응암로 179 1층,37.588055746965,126.916384242043
168,응암프라자약국,서울 은평구 응암로 192,37.5889538807651,126.917185995782
169,정약국,서울 서대문구 신촌로 109 신촌르메이에르타운5 1층 111-2호,37.5558311934312,126.937798700666
170,건강한세상약국,서울 은평구 증산로15길 7,37.5886979506336,126.912013430323
171,메디팜상암약국,서울 마포구 상암산로1길 73 월드프라자 103호,37.5801632645329,126.88320489546
172,구세약국,서울 은평구 응암로 181 1층,37.5882093702744,126.916517333562
173,명문약국,서울 서대문구 연희로36길 10,37.5786172421861,126.936701666925
174,새응암온누리약국,서울 은평구 응암로 183 1층,37.5884286356527,126.916593627583
175,해맑은약국,서울 은평구 응암로 188-1,37.5887248206543,126.917146281605
176,약국빌딩,서울 마포구 동교로 250,37.5622490172836,126.924545674779
177,공중전화 광혜약국앞,서울 서대문구 성산로 381,37.5631210260378,126.931223612425
178,공중전화 연희종로약국앞,서울 서대문구 연희로 109,37.5677931372994,126.931372918465
179,공중전화 연희 종로약국앞,서울 서대문구 연희동 137-7,37.5680314080603,126.931145069997
,name,address,lat,long
0,서울월드컵경기장 보조경기장,서울 마포구 성산동 499,37.5714877988589,126.898430500281
1,망원유수지체육공원 축구장,서울 마포구 월드컵로25길 190,37.5567653363035,126.89696483425
2,망원한강공원 축구장,서울 마포구 마포나루길 407,37.555788061662,126.893953718935
3,난지천공원 인조잔디축구장,서울 마포구 상암동 1538,37.5711561301509,126.887391519322
4,증산체육공원 비단산축구장,서울 은평구 증산동 산 18-6,37.5842761436233,126.903145482892
5,한강공원 양화지구 축구장,서울 영등포구 노들로 113,37.5445052207568,126.893350509301
6,서대문문화체육회관 축구장,서울 서대문구 모래내로 303-25,37.5445052207568,126.893350509301
7,난지천공원 인조잔디축구장,서울 마포구 상암동 1538,37.5711561301509,126.887391519322
8,서대문구립 인조잔디구장,서울 서대문구 백련사길 39,37.5807597279754,126.931557440644
9,한강공원 양화지구 축구장,서울 영등포구 노들로 113,37.5445052207568,126.893350509301
10,난지천공원 인조잔디축구장,서울 마포구 상암동 1538,37.5711561301509,126.887391519322
11,갈대2축구장 개방화장실,서울 영등포구 양화동 12-2,37.5437726988199,126.886103820003
,name,address,lat,long
0,한진택배 염리영업소,서울 마포구 성산로 126 3층,37.5639174180229,126.907598329255
1,대신택배 마포점,서울 마포구 월드컵북로16길 11,37.5630250047226,126.91494252079
2,현대퀵프랜드,서울 마포구 월드컵북로 64 2층,37.559872921739,126.917043329917
3,경동택배,서울 마포구 월드컵로29길 60 1층,37.5590553807048,126.903004635059
4,CJ대한통운 강북국제영업소,서울 마포구 성미산로19길 31,37.5630926904491,126.918158932099
5,경동택배 서울마포서교463영업소,서울 마포구 동교로 146,37.5552403737242,126.918362630484
6,슈퍼맨퀵서비스,서울 마포구 연남로 65,37.5648875664606,126.919603845776
7,신성물류,서울 마포구 성미산로 161,37.5648480309644,126.923983906945
8,한진택배 서교영업소,서울 마포구 홍익로6길 44,37.5560287189743,126.923989923955
9,장트레이드,서울 마포구 희우정로 29,37.5497932682013,126.907561562102
10,삼일택배,서울 서대문구 홍제천로2길 88,37.5711499695534,126.923172784298
11,경동택배 서울서대문남가좌333영업소,서울 서대문구 가재울로 20 1층,37.5741184439628,126.922433132168
12,경동택배 서울은평증산186 영업소,서울 은평구 증산서길 88,37.5840489255867,126.907198478811
13,대신택배 연희동점,서울 서대문구 가재울로4길 32,37.5752462643967,126.923608484142
14,경동택배 서울서대문연희724영업소,서울 서대문구 홍연6길 56,37.5769590252422,126.933058633424
15,하나종합물류,서울 마포구 양화로6길 39,37.5490392404264,126.916409286765
16,서울로지스,서울 마포구 독막로 10 516호,37.5484914168057,126.914498578681
17,경동택배 서울마포신정96영업소,서울 마포구 창전로 12 농은오피스텔 1층,37.5440681800037,126.930323649311
18,일양택배,서울 마포구 창전로 28-1,37.5448033918599,126.932018060587
19,남,서울 마포구 서강로11길 11 101 1층,37.5448033918599,126.932018060587
20,대신택배 영등포양평점,서울 영등포구 양평로22사길 3,37.5406488088648,126.895517298504
21,빛가운데로걸어가면,서울 서대문구 연세로5길 26-17 5층,37.5568187720377,126.934784471189
22,합동택배 서울서대문홍제361영업소,서울 서대문구 홍연6길 56,37.5769590252422,126.933058633424
23,슈퍼히어로 마포본부,서울 서대문구 연희로25길 4-16,37.5732587893689,126.934772401956
24,TNT익스프레스,서울 마포구 월드컵북로56길 12 트루텍빌딩 11층,37.581053048459,126.888001205698
25,스마일택배 양평물류센터,서울 영등포구 양평로22마길 28,37.5413296544991,126.892561158528
26,스마일택배 양평물류센터,서울 영등포구 양평로22마길 28,37.5413296544991,126.892561158528
27,일양팜,서울 마포구 창전로 16,37.544396603759,126.930492739127
28,CJ택배,서울 마포구 고산길 68-3,37.5543779608406,126.94093023845
29,포인트특송물류 본사,"서울 은평구 응암로12길 17-1 3,4층",37.5876301250248,126.918846844585
30,정우택배,서울 은평구 증산로13가길 19 1통 6반 1층,37.5888653812405,126.908959018447
31,대머리퀵서비스 지하철택배,서울 마포구 양화로 156 LG팰리스오피스텔 1111호,37.5561130617043,126.923446601456
32,성산2동주민센터 여성안심택배보관함,서울 마포구 월드컵북로30길 22,37.5686138420865,126.908969523737
33,연남동희망원룸주택 여성안심택배보관함,서울 마포구 성미산로17길 79,37.5650216839859,126.917198347454
34,초록북카페 여성안심택배보관함,서울 마포구 월드컵로31길 69,37.5602855610631,126.901217049945
35,연남동 주민커뮤니티센터 여성안심택배보관함,서울 마포구 동교로41길 36,37.5638577461168,126.923426113619
36,상암동 제1공영주차장 여성안심택배보관함,서울 마포구 성암로 197,37.5772737910664,126.897166051266
37,증산정보도서관 여성안심택배보관함,서울 은평구 증산로5길 6,37.5828094398328,126.907671330325
38,연희동주민센터 여성안심택배보관함,서울 서대문구 연희로 189,37.5738870295347,126.935220696925
39,서부제일교회 어린이도서관 여성안심택배보관함,서울 서대문구 가좌로 154,37.5858722023257,126.923438326951
40,신수동주민센터 여성안심택배보관함,서울 마포구 독막로 192,37.5471592584687,126.93510453226
41,홍은2동주민센터 여성안심택배보관함,서울 서대문구 모래내로 334,37.5801082528102,126.934150447819
,name,address,lat,long
0,성산동미용실,서울 마포구 성미산로3길 24,37.5594458444855,126.909317500354
1,은지미용실,서울 마포구 성미산로 91,37.5612666383139,126.917636669928
2,은경미용실,서울 마포구 월드컵로28길 6,37.5595012771117,126.907601859028
3,피넛헤어샵 성산동점,서울 마포구 월드컵북로12길 30,37.5623173712789,126.915708899958
4,김순이미용실,서울 마포구 모래내로7길 38,37.567459634237,126.910934800779
5,현대미용실,서울 마포구 월드컵북로 233,37.5697322900238,126.903135454197
6,나인 미용실,서울 마포구 월드컵로32길 9,37.5624484371164,126.905215584941
7,월성미용실,서울 마포구 월드컵로 205,37.5650475620335,126.90149961761
8,블루클럽 성산점,서울 마포구 월드컵북로 224 청화상가 102호,37.5698020382057,126.904699040069
9,박승철헤어스투디오 상암홈플러스점,서울 마포구 월드컵로 240 F2-BL3 홈플러스 상암점 2층,37.569942569034,126.899033325814
10,제이진헤어 마포구청역점,서울 마포구 월드컵로34길 14,37.5650651601993,126.903940151185
11,바로살롱 성산점,서울 마포구 성미산로 28,37.5585302113103,126.911280663573
12,루나헤어,서울 마포구 새터산16길 8 1층,37.5675562560804,126.907926957476
13,수헤어,서울 마포구 월드컵로36길 18,37.5662519668211,126.903406409419
14,바이하루헤어 성산본점,서울 마포구 성미산로 31,37.5589302272293,126.911725886579
15,라벨르헤어,서울 마포구 성미산로 5,37.5583212161955,126.908960995504
16,헤어아티스트M 마포구청역점,서울 마포구 월드컵로36길 14 101호,37.5659372398629,126.903065437225
17,까꼬뽀꼬헤어샾,서울 마포구 잔다리로 131,37.5584171780944,126.912788099743
18,세종헤어 마포구청역점,서울 마포구 월드컵로34길 8 도시엔오피스텔 2층,37.5647927476262,126.903337325037
19,씨비에이치엘 마포점,서울 마포구 월드컵북로16길 47,37.5632253096498,126.916858743042
20,지오뷰티샵,서울 마포구 월드컵북로20길 22,37.5642577621788,126.914463811102
21,퀸즈헤어 성산점,서울 마포구 성미산로1길 56,37.5603054126278,126.907137391172
22,지헤어,서울 마포구 월드컵로36길 40,37.5677802213943,126.905055114548
23,살롱피키 마포점,서울 마포구 성미산로1길 66,37.5607017265995,126.906864924713
24,빗과가위사이,서울 마포구 새터산10길 25,37.5662887070733,126.908237638755
25,제니헤어,서울 마포구 월드컵북로 179,37.5676708313041,126.908582197042
26,도도헤어,서울 마포구 모래내로7길 89,37.5682704926227,126.908296671286
27,동경헤어월드,서울 마포구 성산동 13-3,37.5630248806136,126.916663608831
28,토마토헤어,서울 마포구 모래내로9길 6,37.5671322554713,126.914155248168
29,김민영헤어라인,서울 마포구 성미산로11길 67,37.5635481826164,126.915779612458
30,이경아헤어인터뷰,서울 마포구 새터산14길 30,37.5667445869876,126.908671617523
31,마임헤어 마포점,서울 마포구 성산로4길 2,37.5637970622816,126.907275671576
32,헤어426,서울 마포구 월드컵로 108,37.5582451319685,126.908443074411
33,지상헤어갤러리,서울 마포구 월드컵북로9길 18,37.5588788071736,126.916341367111
34,이지헤어,서울 마포구 월드컵북로 260,37.5730620773526,126.90104792266
35,우희살롱,서울 마포구 동교로23길 105 1층,37.5597217143411,126.917400127088
36,바닐라헤어,서울 마포구 월드컵북로12안길 13,37.5624126884987,126.915068851012
37,권홍패밀리헤어,서울 마포구 월드컵북로 233,37.5697322900238,126.903135454197
38,핑크레이디,서울 마포구 월드컵북로16길 34,37.5628956211296,126.916201733301
39,이지헤어,서울 마포구 성미산로 33,37.5589709375253,126.911947442356
40,블루밍 제이(Blooming J),서울 마포구 성미산로 16,37.5582664448299,126.909912772461
41,감성헤어 지예,서울 마포구 성미산로6길 7,37.5582382104123,126.911057370955
42,안나헤어살롱,서울 마포구 월드컵북로 224 청화상가 3층 301호,37.5698020382057,126.904699040069
43,숲속헤어파크,서울 마포구 월드컵북로 191,37.5681694861565,126.907367144566
44,한영희헤어샵,서울 마포구 성미산로 29,37.5588587893583,126.911379984232
45,민헤어라인,서울 마포구 새터산길 68,37.5676670565324,126.907668064624
46,스토리진헤어,서울 마포구 월드컵북로 233,37.5697322900238,126.903135454197
47,태후사랑 성산점,서울 마포구 성미산로 11,37.5584232932777,126.909421957762
48,W헤어,서울 마포구 새터산5길 46,37.5655707027585,126.904822486543
49,머리연출,서울 마포구 성미산로 13-1,37.5584882335375,126.909746699787
50,커틸다헤어살롱 마포구청점,서울 마포구 모래내로1길 17 상암퍼스티지더올림오피스텔 1동 207호,37.5652810721579,126.902879640142
51,준헤어필,서울 마포구 월드컵북로 125,37.5640873687321,126.912597901834
52,오땡큐 성산점,서울 마포구 월드컵북로 164,37.5670517110872,126.910402383823
53,웰빙헤어살롱나무,서울 마포구 월드컵북로 233,37.5697322900238,126.903135454197
54,아름다운날,서울 마포구 월드컵로36길 50,37.5682848870009,126.905639567246
55,태양미용타운,서울 마포구 월드컵북로 207,37.5687954893124,126.905649902888
56,현미용실,서울 마포구 성미산로 16,37.5582664448299,126.909912772461
57,브러쉬,서울 마포구 월드컵북로 162 1층 좌측,37.5668912532194,126.910533650768
58,미소헤어,서울 마포구 월드컵북로 177-1,37.5676091506612,126.908747192758
59,월드헤어라인,서울 마포구 월드컵로32길 31,37.5629291156043,126.90634082354
60,한민경헤어,서울 마포구 월드컵북로 222,37.5696402964289,126.904571222842
61,헤어스타일,서울 마포구 월드컵북로 224,37.5698020382057,126.904699040069
62,e편한헤어샵,서울 마포구 월드컵북로30길 13,37.568594632553,126.908363510664
63,장헤어,서울 마포구 월드컵북로27길 6,37.5672451265369,126.909186139421
64,헤어스타일,서울 마포구 월드컵북로 224,37.5698020382057,126.904699040069
65,비타민헤어샵,서울 마포구 월드컵북로30길 9,37.5685214341011,126.907967650876
66,헤어426(hair426),서울 마포구 월드컵북로27길 15,37.5667496008847,126.909097546948
67,이편한헤어샵,서울 마포구 월드컵북로 202-7,37.5691858736365,126.906421054663
,name,address,lat,long
0,홍익대학교 사범대학 부속여자고등학교,서울 마포구 성미산로 51,37.5596447355646,126.913208376436
1,경성고등학교,서울 마포구 성미산로 111,37.563510635781,126.919166278819
2,경성고등학교,서울 마포구 성미산로 111,37.563510635781,126.919166278819
3,가재울고등학교,서울 서대문구 수색로 100-35,37.5743637013203,126.909529666957
4,충암고등학교,서울 은평구 가좌로5길 5,37.5846402882465,126.921809482886
5,한성화교중.고등학교 경비실,서울 서대문구 연희로 176,37.5715036063411,126.938378258532
6,충암고등학교 교무실,서울 은평구 가좌로5길 5,37.5846402882465,126.921809482886
7,충암고교교차로,서울 은평구 응암동,37.592241925144,126.915734945869
8,한강미디어고등학교 행정실,서울 영등포구 선유로55길 22,37.5392914501594,126.897259875017
9,광성고등학교 교무실,서울 마포구 신수로8길 20,37.5486975552073,126.935969575594
10,명지고등학교 교무실,서울 서대문구 명지2길 56,37.5849113531243,126.927090249447
11,한강미디어고등학교 행정실,서울 영등포구 선유로55길 22,37.5392914501594,126.897259875017
12,명지고등학교 교무실,서울 서대문구 명지2길 56,37.5849113531243,126.927090249447
13,크린토피아 코인워시365 경성고교점,서울 마포구 성미산로11길 32 1층,37.5619430459787,126.916396909332
14,지진옥외대피장소 경성고등학교,서울 마포구 성미산로 111,37.563510635781,126.919166278819
15,지진옥외대피장소 경성고등학교,서울 마포구 성미산로 111,37.563510635781,126.919166278819
16,지진옥외대피장소 가재울고등학교,서울 서대문구 수색로 100-35,37.5743637013203,126.909529666957
17,지진옥외대피장소 가재울고등학교,서울 서대문구 수색로 100-35,37.5743637013203,126.909529666957
18,쏘카존 충암고등학교 뒤,서울 서대문구 명지대5길 16-8,37.5831803244189,126.922500717478
19,충암고등학교 교무실,서울 은평구 가좌로5길 5,37.5846402882465,126.921809482886
20,그린존 충암고등학교 앞,서울 은평구 응암동 747-8,37.586496723904,126.921042511356
21,쏘카존 충암고등학교 옆,서울 은평구 가좌로5길 16,37.5865090487853,126.921014532913
22,지진옥외대피장소 광성고등학교,서울 마포구 신수로8길 20,37.5486975552073,126.935969575594
23,지진옥외대피장소 명지고등학교,서울 서대문구 명지2길 56,37.5849113531243,126.927090249447
24,지진옥외대피장소 한강미디어고등학교,서울 영등포구 선유로55길 22,37.5392914501594,126.897259875017
25,지진옥외대피장소 한강미디어고등학교,서울 영등포구 선유로55길 22,37.5392914501594,126.897259875017
,name,address,lat,long
0,코믹스매니아,서울 마포구 와우산로23길 50,37.5550254656396,126.923721818282
1,만화카페킥킥나무,서울 마포구 양화로 192 지하1층,37.5583280533329,126.926246501876
2,벌툰 홍대본점,서울 마포구 독막로7길 63 지하1층,37.5506032108867,126.920078419
3,클럽보다만화,서울 마포구 잔다리로 23 예랑빌딩 2층,37.5507397307196,126.92023919558
4,만화카페나무,서울 서대문구 증가로 134 2층,37.5776258988275,126.922806020039
5,벌툰 신촌점,서울 서대문구 연세로5가길 8-3,37.5574794973537,126.93614721844
6,로빈스에그만화카페,서울 서대문구 명물길 26,37.5578849859743,126.938255020931
7,꽃향기가득한만화카페,서울 서대문구 명물길 27-9,37.5585438921311,126.937753551288
8,통툰 망리단길점,서울 마포구 월드컵로13길 34 2층,37.5556546238263,126.908260865455
9,놀숲플러스 홍대점,서울 마포구 양화로16길 29 지하1층,37.5531962095623,126.921175435425
10,딩굴딩굴알타미라,서울 마포구 와우산로29길 21 지하1층,37.5549273257875,126.928585961258
11,페잇퍼,서울 서대문구 연희로15안길 32-7 1층,37.5702232013272,126.930431051436
12,유어마나가게,서울 마포구 와우산로 13 지하1층,37.5456542534256,126.922721314787
13,툰앤존 명지대점,서울 서대문구 명지대1길 2 3층,37.5813104729585,126.924697166275
14,놀숲 신촌점,서울 서대문구 명물길 37 지하1층,37.5585794333613,126.938176355024
,name,address,lat,long
0,신선놀음낚시 홍대점,서울 마포구 와우산로 125 지하 1층,37.5535996806241,126.927509731411
1,민생활체육,서울 마포구 서강로 61,37.5487759625722,126.931510310585
2,비수피싱,서울 영등포구 양평로28아길 2,37.543326767647,126.89074803926
3,황금실내낚시터,서울 은평구 응암로11길 7,37.5883450966352,126.915808178799
4,낚시덕후,서울 마포구 희우정로16길 46-5,37.5545703961739,126.904774233715
5,태양낚시,서울 마포구 양화로 36,37.5485091311027,126.913337734086
6,나우낚시,서울 서대문구 응암로 77,37.5800292084357,126.911146364213
7,등대낚시,서울 서대문구 증가로 84,37.5749853877319,126.927109663384
8,민생활체육,서울 마포구 서강로 61,37.5487759625722,126.931510310585
9,꾼낚시카페 홍대신촌점,서울 서대문구 명물길 66 지하1층,37.5588761042388,126.939867789365
10,민생활체육,서울 마포구 서강로 61,37.5487759625722,126.931510310585
,name,address,lat,long
0,GS25 성산연희점,서울 마포구 월드컵북로16길 34,37.5628956211296,126.916201733301
1,CU 성산행복점,서울 마포구 월드컵로26길 6,37.5588377837933,126.908180227963
2,GS25 성산본점,서울 마포구 성미산로 33 1층,37.5589709375253,126.911947442356
3,GS25 마포구청역점,서울 마포구 월드컵로 196,37.5647995635391,126.902750212857
4,GS25 성산행복점,서울 마포구 성산로 124,37.5638369789713,126.907508672099
5,CU 성산파크점,서울 마포구 월드컵북로16길 14,37.5628014057404,126.915107005637
6,GS25 성산퍼스트점,서울 마포구 월드컵북로12길 19,37.5619182284016,126.915454800816
7,세븐일레븐 마포구청점,서울 마포구 월드컵로 204,37.5653992058145,126.9021317644
8,세븐일레븐 마포성산점,서울 마포구 성미산로 23,37.5587301952762,126.910872192372
9,GS25 성산타이거점,서울 마포구 성미산로13길 96,37.5651588963512,126.91629076724
10,GS25 성산사울점,서울 마포구 성미산로1길 21 1층,37.5590132716274,126.908030616717
11,이마트24 마포성산점,서울 마포구 성미산로 91,37.5612666383139,126.917636669928
12,GS25 성산중동점,서울 마포구 모래내로7길 38,37.567459634237,126.910934800779
13,이마트24 성산월드점,서울 마포구 새터산길 1,37.5649294268593,126.9071519122
14,미니스톱 상암미르웰점,"서울 마포구 모래내로3길 11 101,102호",37.5649294268593,126.9071519122
15,GS25 마포성산점,서울 마포구 월드컵북로 121,37.5638114265788,126.912764268039
16,GS25 성산제일점,서울 마포구 성미산로1길 71,37.5608240865171,126.906301355133
17,GS25 서울월드컵경기장7점,서울 마포구 월드컵로 지하 240,37.569942569034,126.899033325814
18,CU 성산진영점,서울 마포구 월드컵북로 78,37.5608365351635,126.916146996036
19,이마트24 마포성산법정점,서울 마포구 월드컵북로 132,37.5647535003027,126.912631985307
20,CU 성산1동점,서울 마포구 성산로6길 21,37.563945256644,126.910996596626
21,GS25 마포성산로점,서울 마포구 월드컵북로 204,37.568962372285,126.906352286084
22,CU 성산청화점,서울 마포구 월드컵북로 224,37.5698020382057,126.904699040069
23,GS25 성산한맥점,서울 마포구 월드컵북로12안길 74 풍림주택 1층 101호,37.5647318447405,126.913322453549
24,CU 월드컵공원점,서울 마포구 월드컵로 190,37.5634263131969,126.903356973848
25,이마트24 성산아이파크점,서울 마포구 모래내로9길 6,37.5671322554713,126.914155248168
26,세븐일레븐 마포성산본점,서울 마포구 월드컵북로 69,37.5599308118771,126.916342567679
27,GS25 성산퍼펙트점,서울 마포구 성미산로 60 1층,37.5593057836101,126.914945843369
28,CU 성산미래점,서울 마포구 동교로19길 86 더제네시스빌딩,37.5591361382864,126.916477686343
29,CU 성산책길희망점,서울 마포구 월드컵로32길 31,37.5629291156043,126.90634082354
30,미니스톱 마포성원점,서울 마포구 월드컵로36길 50,37.5682848870009,126.905639567246
31,GS25 마포왕연점,서울 마포구 모래내로3길 2 상가동 102호,37.5646458346416,126.905725991837
32,CU 마포성산점,서울 마포구 월드컵북로 171,37.5672412213372,126.909497872626
33,GS25 가좌행복점,서울 마포구 성암로 28 110호,37.5691535548616,126.913300690329
34,CU 마포자이툰점,서울 마포구 모래내로1길 20,37.5656948713242,126.903284318892
35,미니스톱 상암월드시티점,"서울 마포구 월드컵로34길 13 101,102호",37.5656948713242,126.903284318892
36,CU 마포마이다스점,서울 마포구 월드컵로36길 18 삼라마이다스 101호,37.5662519668211,126.903406409419
37,세븐일레븐 성산동우점,서울 마포구 월드컵로34길 20,37.5654314241142,126.904395377457
38,GS25 망원중앙점,서울 마포구 월드컵로 126,37.5595485848202,126.907263959731
39,세븐일레븐 마포성산대로점,서울 마포구 월드컵북로 185,37.5679107220084,126.907945311068
40,CU 성산아리랑점,서울 마포구 월드컵북로 118,37.5637081753026,126.913502925915
41,GS25 마포센티움점,서울 마포구 월드컵로36길 14 108호,37.5659372398629,126.903065437225
42,GS25 서울월드컵경기장2점,서울 마포구 월드컵로 240,37.569942569034,126.899033325814
43,세븐일레븐 마포우남점,서울 마포구 모래내로 5,37.5642548691608,126.903687766741
44,GS25 서울월드컵경기장5점,서울 마포구 월드컵로 240,37.569942569034,126.899033325814
45,이마트24 마포중앙도서관점,서울 마포구 성산로 128 1층,37.5637954434775,126.908201874198
46,GS25 서울월드컵경기장12점,서울 마포구 월드컵로 240,37.569942569034,126.899033325814
47,GS25 서울월드컵경기장3점,서울 마포구 월드컵로 240,37.569942569034,126.899033325814
48,GS25 서울월드컵경기장8점,서울 마포구 월드컵로 240,37.569942569034,126.899033325814
49,GS25 서울월드컵경기장8점,서울 마포구 월드컵로 240,37.569942569034,126.899033325814
50,GS25 서울월드컵경기장4점,서울 마포구 월드컵로 240,37.569942569034,126.899033325814
51,GS25 S6마포구청역점,서울 마포구 월드컵로 지하 190,37.5634263131969,126.903356973848
52,GS25 서울월드컵경기장7점,서울 마포구 월드컵로 240,37.569942569034,126.899033325814
53,GS25 서울월드컵경기장7점,서울 마포구 월드컵로 240,37.569942569034,126.899033325814
54,GS25 서울월드컵경기장3점,서울 마포구 월드컵로 240,37.569942569034,126.899033325814
55,평화의공원 오렌지편의점,서울 마포구 월드컵로 243-48,37.5632735134384,126.897908211616
56,토마토24 성산제일점,서울 마포구 성미산로 42,37.5588631505036,126.91288163128
57,CU 마포구청점,서울 마포구 월드컵로 139 101호,37.5603009558986,126.905946283429
58,세븐일레븐 망원2호점,서울 마포구 월드컵로 161,37.561962341184,126.904422786724
59,CU 마포망원점,서울 마포구 월드컵로31길 11 1층,37.5615485218897,126.90409972646
60,GS25 망원그린점,서울 마포구 방울내로 76-1,37.560365912265,126.903925246166
61,GS25 망원마젤란점,서울 마포구 방울내로9안길 1,37.5618063690644,126.902865362412
62,CU 망원월드컵점,서울 마포구 망원로 95,37.5579772762258,126.907302010619
63,GS25 마포한우물점,서울 마포구 월드컵로16길 3,37.5570937666157,126.909754719519
64,세븐일레븐 중동성사길점,서울 마포구 성암로3길 27,37.5682674524149,126.911154904297
65,이마트24 마포망원점,서울 마포구 월드컵로31길 44,37.5610036467651,126.902398511314
66,세븐일레븐 망원동교로점,서울 마포구 동교로9길 83 1층,37.5571463927207,126.908129337076
67,CU 망원현대점,서울 마포구 월드컵로29길 58 1층,37.5591247016756,126.903156204896
68,GS25 망원명품길점,서울 마포구 월드컵로23길 25,37.556716988748,126.90779701587
69,세븐일레븐 망원본점,서울 마포구 방울내로 65,37.5599933007511,126.902545718522
70,CU 망원우리점,서울 마포구 동교로9길 65 썬유빌 1층,37.5564602851025,126.908712350849
71,세븐일레븐 망원점,서울 마포구 망원로 69 1층,37.5574153066539,126.90456553807
72,GS25 서교미리내점,서울 마포구 월드컵로14길 29 1층,37.5563064529922,126.912114001779
73,GS25 연남스타점,서울 마포구 성미산로19길 60,37.5643705654992,126.918017861622
74,GS25 서교호호점,서울 마포구 동교로17길 55 1층,37.5571452184228,126.91460673432
75,GS25 성산오케이점,서울 마포구 월드컵북로 230,37.5701416409399,126.903831982249
76,GS25 망원오리엔탈점,서울 마포구 방울내로9안길 71 101호~103호,37.560221195846,126.899574659
77,GS25 서교리치점,서울 마포구 월드컵로 64 1층,37.5550606303107,126.911372485827
78,GS25 뉴모래내제일점,서울 서대문구 수색로2길 8,37.5691790683924,126.91631864185
79,CU 서교동교로점,서울 마포구 동교로13길 19,37.555339745573,126.912928286247
80,CU 연남Y빌딩점,서울 마포구 동교로23길 67,37.5585464794402,126.918604280374
81,CU 서교중앙점,서울 마포구 잔다리로 96,37.5557957908776,126.91535193956
82,GS25 망원하늘점,서울 마포구 망원로3길 8 1층,37.5571469828355,126.901701738091
83,CU 망원2동점,서울 마포구 방울내로 38 지하1층,37.5586900396677,126.900209380252
84,GS25 뉴연남제일점,서울 마포구 연남로3길 61 1층,37.55983229608,126.91966258562
85,CU 망원포은로점,서울 마포구 포은로 90,37.5551101560175,126.905299913634
86,미니스톱 서교동명점,서울 마포구 월드컵로10길 28 1층,37.5548394399428,126.913320444872
87,GS25 망원희망점,서울 마포구 희우정로16길 7,37.5543354680052,126.902301279713
88,GS25 가재울삼성점,서울 서대문구 수색로6길 17-14 105~106호,37.5543354680052,126.902301279713
89,미니스톱 망원현대점,서울 마포구 희우정로20길 54,37.5559141399233,126.903328310125
90,GS25 뉴가재울삼성점,"서울 서대문구 수색로6길 17-14 105,106호",37.5559141399233,126.903328310125
91,이마트24 서교점,서울 마포구 동교로12안길 24 웰빙존 1층,37.5539730616752,126.913718113018
92,미니스톱 서교2점,서울 마포구 월드컵북로5길 29,37.5567041837346,126.917269118966
93,GS25 연남SCG점,서울 마포구 월드컵북로6길 3 1층,37.5578898861641,126.918943733426
94,세븐일레븐 연남숲길점,서울 마포구 성미산로23길 16-5 지하 101호,37.5644945951946,126.921407563625
95,이마트24 망원제일점,서울 마포구 동교로 63,37.5536152629251,126.9092542867
96,GS25 연남타운점,서울 마포구 월드컵북로6길 69,37.5597336937564,126.921759687077
97,GS25 마포한림점,서울 마포구 포은로 67,37.5532902785265,126.906035897936
98,GS25 서교본점,서울 마포구 동교로17안길 51,37.5565719630348,126.918762270134
99,세븐일레븐 망원제일점,서울 마포구 포은로 75,37.5538237462899,126.905567945655
100,세븐일레븐 망원망리단길점,서울 마포구 망원로6길 49 1층,37.5547708329087,126.903952121467
101,CU 연남꿈나무점,서울 마포구 연남로3길 39,37.5604765772235,126.920696820339
102,GS25 연남하늘채점,서울 마포구 연남로 31,37.5624179336642,126.921610193786
103,미니스톱 동교스텔라점,서울 마포구 월드컵북로 20,37.5567188590599,126.920131983924
104,세븐일레븐 서교3호점,서울 마포구 동교로 129,37.5552462368365,126.916567586749
105,세븐일레븐 망원대림점,서울 마포구 망원로1길 28 1층,37.5576462479468,126.899799375156
106,CU 연남파크점,서울 마포구 성미산로32길 47 1층,37.5628100625692,126.922726800444
107,GS25 합정웰빙점,서울 마포구 월드컵로 37 102~104호,37.5628100625692,126.922726800444
108,GS25 남가좌창덕점,서울 서대문구 모래내로 143 상가 1층 105호,37.5695042145119,126.917308843975
109,CU SK서부주유소점,서울 서대문구 성산로 255 SK주유소 내,37.5677454628917,126.918985802478
110,CU 가재울래미안점,서울 서대문구 수색로6길 45,37.5723264093,126.913424021483
111,이마트24 R북가좌래미안점,"서울 서대문구 수색로 100 DMC래미안이편한아파트 3단지 상가2동 101, 102호",37.5747271873697,126.90781488868
112,GS25 망리단길점,서울 마포구 희우정로12길 11,37.5537814827746,126.903663560776
113,GS25 동교타운점,서울 마포구 동교로25길 15 1층,37.5577222466467,126.921531136001
114,세븐일레븐 합정2호점,서울 마포구 동교로 52,37.5528550186647,126.907996312075
115,CU 서교보석점,서울 마포구 월드컵로8길 27 1층,37.5532479068821,126.913797828519
116,세븐일레븐 참누리월드컵단지점,서울 마포구 성암로7길 22 103호,37.5697067951254,126.906491942109
117,CU 서교로점,서울 마포구 동교로 157 1층,37.5558454152636,126.919180104794
118,세븐일레븐 마포동교로점,서울 마포구 동교로25길 28 1층 102호,37.5583302651928,126.921164029035
119,세븐일레븐 마포연남점,서울 마포구 성미산로 142,37.5636587074486,126.922309626705
120,GS25 연남공원점,서울 마포구 동교로29길 32,37.5619310478169,126.923275288343
121,GS25 가재울이편한점,서울 서대문구 수색로 100 DMC래미안e편한세상 1단지 상가3동 1층 3-01호,37.5747271873697,126.90781488868
122,CU 망원스카이점,서울 마포구 희우정로 118,37.5552569413035,126.900494966949
123,GS25 가재울뉴타운점,서울 서대문구 수색로 100 가재울뉴타운3구역1블럭 101-1호,37.5552569413035,126.900494966949
124,세븐일레븐 서교중앙점,서울 마포구 동교로 142,37.5551509765853,126.917816895201
125,세븐일레븐 동교다온점,서울 마포구 월드컵북로4길 12,37.5569655118762,126.920740831893
126,GS25 합정들머리점,서울 마포구 양화로1길 67,37.5514581184448,126.909403453788
127,세븐일레븐 망원보령점,서울 마포구 희우정로 111,37.5546787711163,126.900816012889
128,GS25 망원스카이점,서울 마포구 동교로3길 105 1층,37.554844934231,126.899031516561
129,CU 가재울편한점,서울 서대문구 수색로 100 DMC래미안E편한세상아파트 1층,37.5747271873697,126.90781488868
130,GS25 합정온누리점,서울 마포구 양화로11길 45,37.552187159257,126.914413101969
131,세븐일레븐 서교8호점,서울 마포구 월드컵로 30,37.5521060321098,126.912639734737
132,GS25 마포연남점,서울 마포구 성미산로29안길 25,37.5655073041769,126.92344853432
133,세븐일레븐 마포서교점,서울 마포구 양화로7길 48,37.5527408178194,126.914158517075
134,CU 서교제일점,서울 마포구 월드컵북로1길 42,37.554279126987,126.919188473416
135,GS25 마포한강점,서울 마포구 월드컵로3길 14,37.5510079695241,126.91164899787
136,CU 서교타워점,서울 마포구 양화로 133 서교타워 1층 102호,37.55523107395,126.920982708821
137,CU 마포합정점,서울 마포구 희우정로 51 제1층 101,37.5511788587046,126.905895732125
138,GS25 동교사랑점,서울 마포구 월드컵북로2길 57,37.5574938764992,126.923364041362
139,이마트24 마포중동점,서울 마포구 성암로11길 16,37.5735185022481,126.90232342976
140,세븐일레븐 동교숲길점,서울 마포구 동교로 232 1층,37.5605835663658,126.924469146205
141,GS25 DMC가재울점,서울 서대문구 가재울미래로 2,37.5744203632344,126.917897379411
142,GS25 가재울아이파크점,서울 서대문구 가재울미래로 2 DMC파크뷰자이 103동 102호,37.5744203632344,126.917897379411
143,포시즌마트 망원점,서울 마포구 월드컵로25길 139,37.5568060904402,126.900038168423
144,세븐일레븐 메세나폴리스점,서울 마포구 양화로 45 메세나폴리스 44호,37.5491226824276,126.913544566078
145,CU 홍대경의선숲길해달점,서울 마포구 양화로23길 42,37.5601429214219,126.924661092319
146,세븐일레븐 메세나폴리스2호점,서울 마포구 양화로 45 219호,37.5491226824276,126.913544566078
147,CU 마포연남점,서울 마포구 동교로 261-1,37.5631922561647,126.925089369937
148,세븐일레븐 합정동점,서울 마포구 양화로1길 38,37.5503867908338,126.910531427942
149,이마트24 마포서교점,서울 마포구 홍익로5길 36,37.5536345172539,126.920462338585
150,망원편의점,서울 마포구 희우정로 70,37.5524847762713,126.904562658769
151,세븐일레븐 연트럴파크점,"서울 마포구 양화로19길 14 1,2층",37.5524847762713,126.904562658769
152,CU 북가좌삼거리점,서울 서대문구 수색로 144,37.5753161142479,126.905244332721
153,주코리아세븐 합정2호점,서울 마포구 동교로 40,37.5525097664697,126.906745880876
154,CU 신합정공원점,서울 마포구 포은로 27,37.5501955550476,126.908127458011
155,GS25 홍대동교점,서울 마포구 양화로21길 21,37.5590887919521,126.924860216665
156,세븐일레븐 서교세교길점,서울 마포구 양화로12길 8-5,37.5517452880959,126.917806488951
157,GS25 합정본점,서울 마포구 양화로 59 1층,37.5506586876484,126.914885960173
158,CU 서교3호점,서울 마포구 양화로 100-13,37.5525181369501,126.919334891554
159,GS25 팰리스점,서울 마포구 양화로 156,37.5561130617043,126.923446601456
160,GS25 홍대아트점,서울 마포구 홍익로 25,37.5544056031357,126.921965798065
161,이마트24 홍대LG팰리스점,서울 마포구 양화로 156 1층,37.5561130617043,126.923446601456
162,GS25 연남호호점,서울 마포구 연희로1길 45,37.5610479596959,126.925922271324
163,GS25 가재울뉴타운점,서울 서대문구 거북골로14길 32,37.5769549472376,126.91446683605
164,GS25 홍대잔다리점,서울 마포구 잔다리로 40,37.551959069631,126.919337644293
165,세븐일레븐 가재울아이파크점,서울 서대문구 거북골로14길 32 가재울아이파크 상가동 111호,37.5769549472376,126.91446683605
166,미니스톱 홍대골목길점,서울 마포구 홍익로5안길 42,37.5530522851744,126.920585293806
167,GS25 연희성산점,서울 서대문구 성산로 317 1층 102호,37.5665746161305,126.925549836247
168,GS25 북가좌현대점,서울 서대문구 수색로10길 18 1층,37.5758355463277,126.905367746309
169,인더라인25 한강망원1호점,서울 마포구 망원동 205-5,37.5534410007349,126.897775862513
170,CU 가재울뉴타운점,서울 서대문구 가재울미래로 2 DMC파크뷰자이 상가 201동 115호,37.5744203632344,126.917897379411
171,GS25 합정해링턴점,서울 마포구 양화로 72 1층 108호,37.5508021700653,126.916715922466
172,CU 홍익인간점,서울 마포구 양화로 183,37.5583675467575,126.925148412411
173,해피타임 합정점,서울 마포구 월드컵로3길 27,37.5502657957397,126.911259679321
174,세븐일레븐 합정역본점,서울 마포구 월드컵로1길 40,37.5494397412379,126.910755832984
175,이마트24 합정동마점,서울 마포구 월드컵로1길 21,37.5494236566901,126.911772632637
176,씨스페이스 망원2호점,서울 마포구 마포나루길 386,37.5572803646355,126.893632673952
177,CU 가재울소망점,서울 서대문구 모래내로15길 30,37.5732526142649,126.920441592233
178,세븐일레븐 마포홍익점,서울 마포구 홍익로6길 52,37.5563118078566,126.924403968774
179,GS25 합정패밀리점,서울 마포구 희우정로 19,37.5491863617953,126.908262456366
180,미니스톱 홍대잔다리점,서울 마포구 잔다리로6길 23,37.552342038287,126.920332210187
181,별자리매점,서울 마포구 증산로 32,37.564133892331,126.89244828144
182,GS25 연남동진점,서울 마포구 성미산로 191,37.562964685536,126.926556924313
183,CU 북가좌현대점,서울 서대문구 응암로 33,37.5767828381847,126.907971974455
184,CU 합정역빌드웰점,서울 마포구 양화로 58 명지한강빌드웰 1층 101호,37.5500793711751,126.915422795699
185,세븐일레븐 홍대역점,서울 마포구 홍익로 19,37.5540114950545,126.922632560792
186,GS25 연희임광점,서울 서대문구 연희로5길 46,37.5651717441061,126.926522272642
187,GS25 북가좌제일점,서울 서대문구 거북골로 170,37.5766580191361,126.911465307596
188,GS25 가재울현대점,서울 서대문구 모래내로15길 50,37.5738767528213,126.919672178823
189,세븐일레븐 서교삼양점,서울 마포구 양화로6길 9-28,37.5501412254733,126.915991834119
190,별자리편의점,서울 마포구 상암동 1535,37.5632720287737,126.892678380812
191,세븐일레븐 합정역점,서울 마포구 양화로 56,37.5497581659117,126.915047112265
192,세븐일레븐 마포합정점,서울 마포구 양화로 27,37.54915074891,126.912262500924
193,세븐일레븐 홍대중앙점,서울 마포구 어울마당로 130 기린빌딩 1층,37.5558151632052,126.924521492277
194,GS25 YG신사옥점,서울 마포구 희우정로1길 7,37.5488642332562,126.907656748163
195,CU 합정몬스터점,서울 마포구 어울마당로5길 42-5,37.5500267778519,126.918273032131
196,C&S 합정점,서울 마포구 월드컵로1길 7,37.5494610579074,126.912512343403
197,인더라인25 동교점,서울 마포구 성미산로 199,37.5625180460536,126.927113322711
198,이마트24 홍대합정점,서울 마포구 양화로6길 39,37.5490392404264,126.916409286765
199,세븐일레븐 북가좌휴먼빌점,서울 서대문구 거북골로18가길 25,37.5771467757594,126.911782725014
200,세븐일레븐 홍대스타점,서울 마포구 어울마당로 74,37.5515597604562,126.921631639385
201,GS25 서대문창천점,서울 서대문구 신촌로 3,37.5587151297654,126.927569513949
202,CU 홍대서교점,서울 마포구 와우산로29길 70,37.5563657191815,126.926596108697
203,GS25 창천휘가로점,서울 서대문구 연희로2안길 7-29,37.5598001805974,126.927831606927
204,GS25 홍대솔내길점,서울 마포구 독막로7길 53,37.5501892409825,126.919869731402
205,GS25 남가좌홍제천점,"서울 서대문구 모래내로 207 101, 102호",37.5501892409825,126.919869731402
206,이마트24 서교초점,서울 마포구 와우산로27길 48,37.5549974482042,126.925992656128
207,GS25 연대연희점,서울 서대문구 연희로 63,37.5643212844315,126.928413326813
208,GS25 합정성산점,서울 마포구 독막로2길 13,37.5479892417139,126.914805255621
209,GS25 S홍대입구역점,서울 마포구 양화로 지하 188 지하2층 R01호,37.5574108322996,126.92696154839
210,인더라인편의점 북가좌점,서울 서대문구 응암로 42 1층101호,37.5771580429151,126.909292289103
211,세븐일레븐 홍대신화점,서울 마포구 홍익로 10 서교푸르지오상가 101호B137호,37.5537619785992,126.923693794834
212,CU 홍대센타점,서울 마포구 와우산로 83,37.5519315035532,126.923264604111
213,세븐일레븐 홍대5번출구점,서울 마포구 신촌로2안길 2 1층,37.5575755851432,126.927335549268
214,CU 홍대한벗점,서울 마포구 와우산로23길 14 오즈빌딩 101,37.5537108027926,126.924536289756
215,CU 에이케이&홍대점,서울 마포구 양화로 188 108호 필지,37.5574108322996,126.92696154839
216,CU 럭셔리秀노래연습장점,서울 마포구 어울마당로 67,37.5511572031882,126.921103458554
217,굿타임24 홍대플러스점,서울 마포구 잔다리로6길 39,37.552438063498,126.921375976802
218,CU 서대문에코자이점,서울 서대문구 남가좌동 216-25,37.5760193420998,126.918917294098
219,미니스톱 홍대그린점,서울 마포구 잔다리로 12,37.5509367738839,126.921848439716
220,GS25 서교사랑점,서울 마포구 와우산로25길 13,37.5539789644192,126.925855255027
221,세븐일레븐 M합정점,서울 마포구 양화로 지하 45 238-11호,37.5539789644192,126.925855255027
222,CU 합정태양점,서울 마포구 양화로6길 67,37.5487063562061,126.918000732191
223,이마트24 홍대서교점,서울 마포구 와우산로29길 48,37.5557991886266,126.927644767585
224,이마트24 창천원룸점,서울 서대문구 신촌로3길 10,37.5585465364546,126.929175560114
225,미니스톱 한강난지1점,서울 마포구 마포나루길 316,37.560111246795,126.888215006763
226,세븐일레븐 홍대클럽점,서울 마포구 어울마당로 58 1층,37.5501049659351,126.921296156465
227,GS25 마포당인점,서울 마포구 토정로 13-1,37.5458291649556,126.912434321591
228,GS25 연희점,서울 서대문구 증가로 21-1 1층,37.5701198893521,126.930638861335
229,GS25 경의선책거리점,서울 마포구 신촌로4길 18 1층 코너면,37.5571751741972,126.928206487486
230,GS25 상수행복점,서울 마포구 와우산로11길 28 1층,37.5487461619761,126.921418896132
231,GS25 상암제일점,서울 마포구 성암로13길 43,37.5763243701166,126.897530405016
232,GS25 합정성지길점,서울 마포구 성지길 36 1층,37.5471544035874,126.91298906983
233,세븐일레븐 홍익대2호점,서울 마포구 와우산로 63,37.5502727848665,126.922878599624
234,이마트24 R연희프리미엄점,서울 서대문구 연희로8길 7,37.5655839976225,126.930622353654
235,이마트24 합정당인점,서울 마포구 토정로5길 30,37.546655972108,126.91867876993
236,CU 서대문연희점,서울 서대문구 연희로 81-21,37.5658386083361,126.928937977566
237,GS25 북가좌초교점,서울 서대문구 거북골로 209,37.5789267962244,126.907911599255
238,세븐일레븐 홍대7번출구점,서울 마포구 와우산로35길 55,37.5564404648079,126.927704130209
239,GS25 합정당인점,서울 마포구 독막로8길 27 1층,37.5466800894403,126.917984846162
240,CU 남가좌현대점,서울 서대문구 가재울로 46,37.5752152715823,126.921821489426
241,세븐일레븐 서교2호점,서울 마포구 독막로7길 16,37.5485576449227,126.918977491026
242,CU 연희서연점,서울 서대문구 연희로11바길 2,37.5692717908395,126.9283892329
243,GS25 북가좌점,서울 서대문구 응암로 87,37.5807945676973,126.911700418318
244,CU 홍대3호점,서울 마포구 와우산로29길 16,37.555016876369,126.929020006223
245,GS25 남가좌에코점,서울 서대문구 거북골로 79,37.5767687584594,126.920327928814
246,GS25 상수로즈점,서울 마포구 와우산로 53,37.5492542889396,126.922867200971
247,세븐일레븐 당인동점,서울 마포구 어울마당로 26,37.5474999833621,126.919932359364
248,GS25 남가좌제일점,서울 서대문구 증가로 197-60,37.5781523086393,126.915384259971
249,GS25 연희진성점,서울 서대문구 성산로 384,37.5625205625265,126.931001418233
250,GS25 상암타운점,서울 마포구 매봉산로2길 45 해나리빌딩 1층,37.5773505402168,126.895914674791
251,GS25 S디지털미디어시티역,서울 마포구 상암동 1140 지하상가,37.5768669187739,126.899169786061
252,GS25 창전태영점,서울 마포구 서강로9길 52,37.5544694465803,126.931023893668
253,GS25 수색두빌점,서울 은평구 수색로 191,37.5782509235095,126.901072414948
254,CU 홍대와우점,서울 마포구 와우산로 45,37.5485484923033,126.922799012052
255,GS25 북가좌한양점,서울 서대문구 증가로 211,37.5806583359404,126.915137906035
256,CU 연희영웅점,서울 서대문구 연희맛로 38,37.5681772921632,126.931167234651
257,이마트24 불광천점,서울 서대문구 불광천길 156,37.5820965316948,126.909126213638
258,GS25 S6상암DMC역2점,서울 은평구 수색로 지하 175 디지털미디어시티역 지하1층,37.5771614352661,126.901928562926
259,CU 연대연희점,서울 서대문구 연희로10가길 51,37.5646251121129,126.930698172852
260,CU 연희로점,서울 서대문구 연희로 102,37.5669864657948,126.931355548004
261,CU 합정카페거리점,서울 마포구 토정로 22,37.5455629661385,126.9131069069
262,CU 마포상암점,서울 마포구 월드컵북로 347 상암메디컬빌딩 104호,37.576345413949,126.893216249483
263,이마트24 상수역점,서울 마포구 독막로 97,37.5479438305511,126.924327548815
264,GS25 상수사랑점,서울 마포구 독막로 98,37.5474800624144,126.924289882283
265,GS25 연대사랑점,서울 서대문구 연희로12길 23,37.5668187799494,126.932430559249
266,CU 홍대거리점,서울 마포구 어울마당로 35,37.5484975164949,126.920120953258
267,CU 북가좌1동점,서울 서대문구 거북골로 223,37.5797512053442,126.906649649835
268,CU 북가좌뉴욕점,서울 서대문구 거북골로20길 53-41,37.5807263598118,126.909790279938
269,GS25 연세시티점,서울 서대문구 연희로10길 40,37.5653358840155,126.932366023079
270,GS25 서대문연희점,서울 서대문구 증가로 83,37.5747145556151,126.926829411599
271,CU 연희효율점,서울 서대문구 증가로 82,37.574761208625,126.927236781956
272,미니스톱 MBC파크엠점,서울 마포구 매봉산로 80,37.5785297541285,126.894284759249
273,세븐일레븐 연희본점,서울 서대문구 증가로 9 범우빌딩 1층,37.5692068116788,126.931394373469
274,CU 서대문스카이힐점,서울 서대문구 증가로 193 스카이빌,37.5794736478913,126.916440822373
275,CU 연희삼거리점,서울 서대문구 연희로 126,37.5687623772299,126.932692770754
276,CU 연세학사점,서울 서대문구 성산로17길 7 1층,37.5631879093749,126.931584384867
277,GS25 상수홍대점,서울 마포구 와우산로 21,37.5464061713463,126.922773836783
278,GS25 DDMC점,서울 마포구 매봉산로 75 1층 107호,37.5784518308273,126.892899428472
279,이마트24 서대문증가로점,서울 서대문구 증가로21길 20-7,37.5803822778871,126.91427385293
280,세븐일레븐 남가좌점,서울 서대문구 모래내로 241-59 1층,37.5759836731529,126.924503177698
281,CU 연희센트럴점,서울 서대문구 증가로 49 1층,37.572261860046,126.928880709081
282,이마트24 신촌빌리지점,서울 서대문구 신촌로11길 39,37.5584668125144,126.933379628835
283,GS25 홍대은혜로점,서울 마포구 독막로19길 12 1층,37.5482718782574,126.925308901736
284,GS25 남가좌점,서울 서대문구 증가로 117 1층,37.5769698371134,126.924402674069
285,미니스톱 홍익대기숙사점,서울 마포구 상수동 72-1 홍익대학교 서울캠퍼스 제2기숙사,37.5507257748161,126.925638030011
286,CU 상암2단지점,서울 마포구 월드컵북로47길 46,37.57488208914,126.890732633876
287,세븐일레븐 동서한방병원점,서울 서대문구 성산로 365-18,37.5648038402245,126.929885207916
288,GS25 상암1단지점,서울 마포구 월드컵북로47길 10,37.5751625178644,126.893836820159
289,세븐일레븐 홍대교연점,서울 마포구 와우산로 140,37.5538254024223,126.929178896474
290,GS25 북가좌중앙점,서울 서대문구 증가로12가길 78,37.5810380998739,126.918064232992
291,GS25 창천제일점,서울 서대문구 신촌로7길 5,37.5576145625803,126.93118589301
292,세븐일레븐 DMC아이파크점,서울 서대문구 증가로 150 상가 B308호,37.5780547612815,126.92101916232
293,CU 북가좌에셀점,서울 서대문구 응암로2길 10,37.5803005647058,126.912199356255
294,GS25 뉴신촌행복점,서울 서대문구 신촌로 61 1층,37.5566497221075,126.93345175468
295,GS25 명지점,서울 서대문구 거북골로 37,37.5792802221321,126.923789573513
296,GS25 북가좌센터점,서울 서대문구 증가로24라길 1,37.582386078871,126.916780266431
297,세븐일레븐 신촌원룸점,서울 서대문구 성산로22길 22 1층,37.5598823811142,126.934043527616
298,CU 증산초교점,서울 은평구 증산서길 64,37.5823426567635,126.905647526879
299,세븐일레븐 연대제일점,서울 서대문구 성산로 380,37.5629114732094,126.93063988557
300,CU 북가좌증가로점,서울 서대문구 증가로20길 13,37.5807809380778,126.916495287932
301,GS25 증산공원점,서울 은평구 증산로5길 11,37.5828180034091,126.906873721898
302,CU 남가좌명지점,서울 서대문구 증가로10길 17,37.5783244632842,126.923257111792
303,GS25 상암중앙점,서울 마포구 월드컵북로 361,37.577109695587,126.891403860718
304,CU 마포DMC점,서울 마포구 성암로 189,37.5767543724551,126.89789773382
305,CU 명지대후문점,서울 서대문구 명지대1나길 1,37.5811621957802,126.922785387203
306,GS25 남가좌진성점,서울 서대문구 증가로10길 16-41,37.5780667642083,126.924070206553
307,CU 상수팜팜점,서울 마포구 와우산로3길 21,37.5459037504265,126.921779235688
308,세븐일레븐 마포노고산점,서울 마포구 신촌로14길 5,37.5556680229524,126.933982393647
309,CU 남가좌홍남교점,서울 서대문구 증가로 110,37.576732290521,126.925323614875
310,세븐일레븐 홍대기숙사점,서울 마포구 독막로 101 BR엘리텔 B동 1층,37.5482438507493,126.924449008306
311,세븐일레븐 연희로데오점,서울 서대문구 연희맛로 25,37.5674259324251,126.9302131561
312,GS25 연대2점,서울 서대문구 연세로9길 8,37.5585777070086,126.936452088466
313,GS25 연대서문점,서울 서대문구 연희로10길 86,37.5637079946735,126.933690297624
314,세븐일레븐 연대서문점,서울 서대문구 연희로10길 62,37.564474208195,126.932745865337
315,CU 창전숲길점,서울 마포구 와우산로32길 25 1층,37.5547674599926,126.93158042676
316,CU 서대문증가로점,서울 서대문구 증가로20길 64 2층,37.581917865534,126.918767682533
317,CU 증산드림점,서울 은평구 증산로7길 6,37.5837627822783,126.908599657717
318,세븐일레븐 신촌제일점,서울 서대문구 신촌로11길 15,37.5573597985762,126.932816317717
319,CU 명지대정문길점,서울 서대문구 거북골로 21,37.580103230284,126.924978012449
320,세븐일레븐 홍대창전점,서울 마포구 서강로9길 60,37.5546396238222,126.930526684887
321,CU 창천점,서울 서대문구 연세로5나길 30-2 1층,37.557036229264,126.93470573771
322,이마트24 디지털큐브점,서울 마포구 상암산로 34 지하1층 B131호,37.5762102049855,126.889239900296
323,세븐일레븐 북가좌행복점,서울 서대문구 증가로 243,37.5827135992724,126.9125555259
324,GS25 신촌점,서울 서대문구 신촌로 87-18 1층,37.5563377699349,126.936344324387
325,CU 남가좌그린점,서울 서대문구 증가로8길 42-1,37.5786787483519,126.925816392052
326,GS25 창전삼성점,서울 마포구 서강로 97 상가 114,37.551934624933,126.932348598179
327,GS25 신촌그린점,서울 서대문구 연세로7길 34-5,37.5580339806684,126.93484554642
328,GS25 노고산본점,서울 마포구 신촌로16길 8,37.5553631405313,126.934820483896
329,GS25 S6상수역점,서울 마포구 독막로 지하 85 6호,37.5477716665856,126.922409857908
330,GS25 신촌서강점,서울 마포구 서강로 114,37.5529323236977,126.933982317124
331,세븐일레븐 신촌연세2호점,서울 서대문구 연세로9길 34-1,37.5586617071977,126.934848961077
332,CU 북가좌증산교점,서울 서대문구 증가로 264,37.5840784893459,126.911195329564
333,CU 상암YTN사옥점,서울 마포구 상암산로 76,37.5791943482019,126.892314544858
334,CU 중앙미디어사옥점,서울 마포구 상암산로 48-6 지하1층,37.5770108208633,126.890099645545
335,CU 신촌노고산점,서울 마포구 신촌로16길 34 1층,37.5542442980497,126.934200146698
336,세븐일레븐 서대문홍은점,서울 서대문구 모래내로 279,37.5774236307573,126.928836290917
337,GS25 신촌연세점,서울 서대문구 연세로11길 16,37.5590344807508,126.935893389687
338,세븐일레븐 신촌3호점,서울 서대문구 연세로5다길 22-3,37.5567649839046,126.93429944859
339,GS25 창전호호점,서울 마포구 독막로22길 26,37.5469069946311,126.92827880094
340,CU 상암4단지점,서울 마포구 월드컵북로 381,37.5779528826091,126.889887582062
341,GS25 증산중앙점,서울 은평구 증산서길 107 안당빌딩 1층 101호,37.5855153568974,126.908552227388
342,GS25 서대문홍은점,서울 서대문구 가좌로 79,37.5800840364942,126.928012415836
343,미니스톱 밤섬자이행복점,"서울 마포구 토정로 149 1층 2,3호",37.5458450814854,126.927694560914
344,GS25 S6증산역점,서울 은평구 증산로 지하 306 지하1층 1001호,37.5841954778004,126.910057587886
345,세븐일레븐 명지대행복점,서울 서대문구 증가로10길 59,37.5795861159496,126.925066268951
346,GS25 연희사랑점,서울 서대문구 연희로 158,37.5712522462197,126.934885877614
347,CU 마포창전점,서울 마포구 서강로3길 5 1층,37.5492259035026,126.931479797287
348,세븐일레븐 상암누리꿈스퀘어점,서울 마포구 월드컵북로 396 누리꿈스퀘어R 1층 107호,37.5794419093126,126.890322604776
349,세븐일레븐 SBS프리즘타워점,서울 마포구 상암산로 82 SBS프리즘타워점 1층,37.5797159011058,126.892773992481
350,GS25 상수강변점,서울 마포구 토정로 136,37.5452784971737,126.926324199452
351,CU 북가좌공원점,서울 서대문구 증가로20가길 82,37.5825718938872,126.919950741441
352,미니스톱 한강양화2점,서울 영등포구 노들로 147,37.5425461538707,126.896255921375
353,이마트24 R신촌역점,서울 서대문구 신촌로 93,37.5556893522809,126.936567828148
354,GS25 증산사랑점,서울 은평구 증산서길 93,37.5845330263142,126.907309623373
355,미니스톱 명지대점,서울 서대문구 거북골로 9,37.5809034798469,126.926100157869
356,세븐일레븐 신촌현대점,서울 서대문구 연세로5가길 4,37.5571617612921,126.936398740136
357,GS25 명지장학점,서울 서대문구 명지대길 46 1층,37.5822070729389,126.924167667843
358,CU 신촌연세로점,서울 서대문구 연세로7안길 8,37.5580555702502,126.936435442123
359,세븐일레븐 연세대과학관점,서울 서대문구 연세로 50 1층,37.5638064365127,126.942930940634
360,GS25 양화3호점,서울 영등포구 노들로 113,37.5445052207568,126.893350509301
361,CU 신촌까사빌점,서울 마포구 서강로 135,37.5545174344826,126.935422276604
362,세븐일레븐 명지대센터점,서울 서대문구 거북골로 34,37.5803770223812,126.921348530876
363,CU 신촌아이비점,서울 마포구 서강로 136,37.5540455131893,126.93579173517
364,CU 신촌숲아이파크점,서울 마포구 광성로 17,37.5503145126327,126.935520056689
365,세븐일레븐 증산제일점,서울 은평구 증산로 307,37.5845502389565,126.909992174293
366,CU 증산역점,서울 은평구 증산로9길 12 1층,37.5853275381656,126.909419824407
367,세븐일레븐 연희점,서울 서대문구 연희로 177 연희빌딩,37.5730235310553,126.935247820456
368,CU 연대생활과학대학점,서울 서대문구 연세로 50,37.5638064365127,126.942930940634
369,세븐일레븐 명지대센터점,서울 서대문구 거북골로 34,37.5803770223812,126.921348530876
370,GS25 상암DMC점,서울 마포구 월드컵북로 400,37.5804510730532,126.88989352596
371,GS25 명지가좌로점,서울 은평구 가좌로7가길 25-55 1층,37.583977648526,126.921870860004
372,세븐일레븐 북가좌3호점,서울 서대문구 응암로 127-4,37.5840267707187,126.914115472931
373,GS25 북가좌은가점,서울 서대문구 증가로12나길 101,37.5827126552704,126.919856622613
374,GS25 상암누리꿈점,서울 마포구 월드컵북로 396 1033호,37.5794419093126,126.890322604776
375,이마트24 R연희햇살점,서울 서대문구 가좌로 31 1층,37.5772475512387,126.932003518596
376,CU 상암누리꿈점,서울 마포구 월드컵북로 396 누리꿈스퀘어1층B1075,37.5794419093126,126.890322604776
377,CU 신촌역점,서울 서대문구 신촌로 107 1층,37.555654725645,126.937870146746
378,세븐일레븐 명지대원룸점,서울 서대문구 명지대3길 14,37.5822442070819,126.922935976327
379,GS25 노고산호호점,서울 마포구 신촌로20길 12,37.554654214226,126.938130028409
380,세븐일레븐 한성화교점,서울 서대문구 연희로 174,37.5723834657446,126.935579821188
381,CU 연세암병원점,서울 서대문구 연세로 50-1 지하1층,37.5614057751829,126.940823392238
382,세븐일레븐 명지대행복점,서울 서대문구 증가로10길 59,37.5795861159496,126.925066268951
383,홍익대학교 제4공학관 편의점,서울 마포구 와우산로 94 제4공학관 T동 1층,37.5795861159496,126.925066268951
384,세븐일레븐 신촌명물점,서울 서대문구 명물길 37 SD타워 1층,37.5585794333613,126.938176355024
385,CU 상암MBC점,서울 마포구 성암로 267,37.5811234199086,126.890988995582
386,GS25 연대북문점,서울 서대문구 연희로26가길 2,37.5730280023108,126.936680588217
387,GS25 북가좌대표점,서울 서대문구 증가로30길 79 1층,37.5861262374691,126.914949528433
388,세븐일레븐 서강대르메이에르점,서울 마포구 백범로 13,37.5534472643432,126.937496367054
389,미니스톱 한강양화점,서울 영등포구 선유로 314,37.5399253239512,126.901298115426
390,GS25 S6광흥창역점,서울 마포구 창전동 146-10,37.5474517913713,126.932180531441
391,GS25 신촌파크점,서울 서대문구 연세로2길 30,37.5561574789073,126.938552510593
392,세븐일레븐 신촌창천점,서울 서대문구 연세로4길 41 1층,37.5580182297626,126.938747684645
393,홍익대학교 제2공학관 편의점,서울 마포구 와우산로 94,37.5525192523979,126.924990619497
394,CU M신촌역점,서울 마포구 신촌로 지하 90,37.5554417865984,126.936119192554
395,GS25 상암사보이점,서울 마포구 월드컵북로54길 17 114호,37.581324224744,126.888548408154
396,CU 연대신경영관2호점,서울 서대문구 연세로 50 연세대학교 경영관 1층,37.5638064365127,126.942930940634
397,GS25 응암가온점,서울 은평구 가좌로7다길 2,37.5857883610948,126.918129448966
398,CU 신촌마샹스점,서울 마포구 백범로 8,37.5540039439813,126.936731657301
399,CU 연희안산점,서울 서대문구 연희로 207,37.575598210234,126.935078275867
400,세븐일레븐 서강레지덴시아점,서울 마포구 백범로 28 1층,37.5520644056727,126.936974571542
401,미니스톱 광흥창역점,서울 마포구 독막로 176,37.5472535249257,126.933045939688
402,이마트24 마포신수점,서울 마포구 신수로 88 1층 우측,37.5491943802272,126.935170439897
403,세븐일레븐 응암서희점,서울 은평구 응암로 152 1층 1호,37.585639081014,126.915717594432
404,CU 응암에이스점,서울 은평구 가좌로7다길 7,37.5852942332238,126.918486175534
405,세븐일레븐 광흥창역점,서울 마포구 창전로 64,37.5480667727685,126.932898554106
406,이마트24 R은평증산로점,서울 은평구 증산로 337,37.5866486825025,126.9120659992
407,미니스톱 한강양화1점,서울 영등포구 노들로 235,37.5383057861144,126.904375596633
408,이마트24 연세장례식장신촌2호점,서울 서대문구 연세로 50-1 지하2층,37.5614057751829,126.940823392238
409,세븐일레븐 홍은점,서울 서대문구 가좌로 100,37.5817974291026,126.926942146611
,name,address,lat,long
0,포크돈까스,서울 마포구 월드컵북로27길 13,37.5668877561447,126.909139938738
1,미소야 마포구청점,서울 마포구 월드컵로 204 상암이안1차 104호,37.5653992058145,126.9021317644
2,튀겨주는예쁜언니,서울 마포구 월드컵로36길 50,37.5682848870009,126.905639567246
3,혜화동돈까스극장 성산점,서울 마포구 월드컵북로12길 99 1층,37.5654169192587,126.914873472842
4,하루엔소쿠마포중앙도서관점,서울 마포구 성산로 128,37.5637954434775,126.908201874198
5,용우동 성산점,서울 마포구 월드컵북로30길 9,37.5685214341011,126.907967650876
6,어우동,서울 마포구 성미산로 29-1,37.5588896491036,126.911561033332
7,씨엘블루,서울 마포구 월드컵로 240,37.569942569034,126.899033325814
8,용자돈돈까스III,서울 마포구 새터산14길 1,37.5675493251738,126.907589654955
9,청년다방 망원역점,서울 마포구 성미산로 7 1층,37.5583710216408,126.909169408312
10,하르,서울 마포구 성미산로 24,37.5584639294926,126.910963504546
11,홍춘천 마포구청점,서울 마포구 월드컵로34길 7 상암스위트포레오피스텔 206호,37.5650610128331,126.903054914262
12,야미가 성산점,서울 마포구 월드컵북로9길 14,37.5589102601355,126.916607641109
13,피노키오,서울 마포구 월드컵북로 125,37.5640873687321,126.912597901834
14,할매순대국,서울 마포구 성미산로1길 21,37.5590132716274,126.908030616717
15,쇼부라멘 상암월드컵경기장점,서울 마포구 월드컵로 240 월드컵주경기장메가박스 2층,37.569942569034,126.899033325814
16,도담칼국수보쌈,서울 마포구 월드컵로36길 52,37.5684556703019,126.905808348949
17,데일리키친 상암월드컵점,서울 마포구 월드컵로 240 월드컵주경기장 2층,37.569942569034,126.899033325814
18,돈까스참잘하는집,서울 마포구 월드컵로 117,37.5586712614622,126.907464580208
19,헤키,서울 마포구 월드컵로17길 38,37.5557251767121,126.907919786482
20,홍대피플돈까스,서울 마포구 성암로3길 38,37.5679471779667,126.910835403452
21,준가츠,서울 마포구 방울내로 68,37.5600135093522,126.903125061762
22,카츠토랑,서울 마포구 성미산로 95 1층,37.5615114508593,126.918042046514
23,망원동즉석우동돈까스,서울 마포구 동교로 83,37.5542486631229,126.911148349271
24,카와카츠,서울 마포구 동교로 126 1층,37.5547412384639,126.916201018938
25,바삭마차,서울 마포구 월드컵로13길 64,37.5553291238709,126.906576003223
26,왕수제돈까스,서울 마포구 망원로 62,37.5569535241674,126.903651555008
27,동경 망원점,서울 마포구 월드컵로13길 18,37.5557182958973,126.909156331136
28,독립카츠 성격양식 2호점,서울 마포구 연남로 19 1층,37.561347713304,126.922403138154
29,매콤돈까스&칡냉면,서울 마포구 방울내로7길 17,37.5606324784854,126.902123059825
30,가츠시,서울 마포구 동교로18길 5,37.5548421305601,126.916810339406
31,김밥천국 망원점,서울 마포구 방울내로 76,37.5603082364407,126.903799802862
32,망원동수창골,서울 마포구 망원로11길 3 1층,37.5580851639105,126.90723612095
33,심야식당,서울 마포구 성미산로17길 101,37.5659614951113,126.917044841319
34,정성,서울 마포구 방울내로 73 1층 102호,37.5603860113643,126.903381613038
35,우동카덴 서교점,서울 마포구 양화로7안길 2-1,37.5516855965118,126.915068576637
36,크레이지카츠,서울 마포구 포은로2나길 44,37.5504517603956,126.909712822276
37,경양카츠 연남점,서울 마포구 동교로 238-1 1층,37.5611566188805,126.92449833457
38,망원돈까스,서울 마포구 망원로8길 74,37.5544694263142,126.905712217229
39,명동왕돈까스 동교직영,서울 마포구 동교로25길 15,37.5577222466467,126.921531136001
40,명동왕돈까스 직영점,서울 마포구 동교로27길 21,37.5589936056287,126.922291269024
41,오군수제고로케 본점,서울 마포구 동교로27길 62 1층,37.5605137035319,126.920973395337
42,구름공장,서울 마포구 연남로 30 코오롱하늘채아파트상가 107호,37.5627107408645,126.921856968358
43,마이클,서울 마포구 포은로6길 39,37.5561550242275,126.907205919385
44,경양카츠,서울 마포구 연남로3길 51,37.5601232879431,126.920149514815
45,유니콘식당,서울 마포구 포은로 89 1층,37.5550213730909,126.905032372607
46,명동왕돈까스 홍대점,서울 마포구 잔다리로 58,37.5531226071315,126.918013321988
47,인생돈까스 마포점,서울 마포구 잔다리로 118,37.5574791234464,126.913979921913
48,인생돈까스 마포점,서울 마포구 잔다리로 118,37.5574791234464,126.913979921913
49,망원식당,서울 마포구 망원로8길 6 1층,37.5571824221602,126.905715929007
50,최강금돈까스,서울 마포구 월드컵로3길 31-30,37.5499174135013,126.91094549376
51,이삭토스트 서울망원시장점,서울 마포구 망원로8길 17 1층,37.5567384723304,126.906132407486
52,연남토마 본점,서울 마포구 월드컵북로6길 61,37.5595119480989,126.921472669429
53,돈까스애국수,서울 마포구 연남로 4-1 흥양빌딩 1층,37.5603904081779,126.923652741654
54,홍대돈까스,서울 마포구 월드컵북로7길 11,37.5580770104634,126.91723693013
55,포차어게인 망원역점,서울 마포구 월드컵로13길 14 2층,37.5557228557829,126.909344986223
56,길모퉁이칠리차차,서울 마포구 동교로15길 34,37.5562314918474,126.914075064568
57,감나무집기사식당,서울 마포구 연남로 23,37.5616960103993,126.922086770594
58,25카츠 합정점,서울 마포구 양화로 45 메세나폴리스 106호,37.5491226824276,126.913544566078
59,서교밥집,서울 마포구 잔다리로 78,37.5545222777459,126.916429418726
60,카페나하,서울 마포구 희우정로16길 32 2층,37.5545465978671,126.903759337898
61,마포돈까스,서울 마포구 동교로 126,37.5547412384639,126.916201018938
62,경성우동,서울 마포구 동교로23길 4,37.5564789836981,126.921159981126
63,킨지 연남점,서울 마포구 동교로 227-11 2층,37.5607793675116,126.92351211301
64,로맨틱치즈봉봉,서울 마포구 동교로 256-3 미소빌딩 1층,37.5626191896178,126.925037539455
65,키친갈매기,서울 마포구 망원로8길 63,37.5546776429809,126.906159777116
66,우동가조쿠 홍대점,서울 마포구 양화로19길 18,37.5583174053541,126.92408855365
67,토키야,서울 마포구 동교로34길 21,37.5608539329308,126.925568658019
68,간코,서울 마포구 양화로3길 15,37.5496445433809,126.911480973563
69,온미동,서울 마포구 월드컵북로4길 95,37.5599634468055,126.923406897278
70,정광수의돈까스가게,서울 마포구 희우정로5길 29,37.5499775365334,126.905080982996
71,이종구낙지세상,서울 서대문구 수색로 28-3,37.569421386058,126.915489447667
72,명동왕돈까스,서울 마포구 동교로22길 1,37.5553936223939,126.919263888228
73,코리아식당 플랜비,서울 마포구 월드컵북로4길 57 1층,37.5586506875499,126.922019997527
74,셰프돈까스즉석우동,서울 마포구 월드컵북로5길 21,37.5568646285922,126.917623180812
75,해피치즈스마일 연남점,서울 마포구 동교로 244-1 2층,37.5617692016052,126.92449081224
76,에비카츠 탐광 연남점,서울 마포구 연남로 6 1층,37.560516215594,126.923557201699
77,크레이지밥,서울 마포구 포은로 71-5 1층,37.5534796848406,126.905717651467
78,동차밥,서울 마포구 동교로38길 16 3층,37.5619389303817,126.925168608026
79,삼통치킨 홍대직영점,서울 마포구 포은로 75,37.5538237462899,126.905567945655
80,오물오물,서울 마포구 성미산로26길 43 104호,37.5620840572499,126.923584348403
81,마츠에죠우 합정본점,서울 마포구 월드컵로 37 1층 106호,37.5524876219869,126.911693989939
82,비츠비츠,서울 마포구 어울마당로 120 2층,37.5552105019895,126.923538402635
83,남산왕돈까스왕냉면,서울 마포구 홍익로6길 27 지하1층,37.5556205398383,126.923112790492
84,소노야 합정점,서울 마포구 월드컵로1길 14 마포한강푸르지오 지하1층,37.5500497954747,126.912061257921
85,호프마당,서울 마포구 양화로15안길 28,37.5537425129651,126.918041275091
86,최고당돈가스 합정역점,서울 마포구 양화로 72 효성 해링턴타워 1층 130호,37.5508021700653,126.916715922466
87,가미우동,서울 마포구 홍익로2길 23,37.5546816426921,126.923857862163
88,역전우동0410 홍대입구역점,서울 마포구 어울마당로 127-1 1층,37.5559533635046,126.924080087077
89,하까다우동,서울 마포구 홍익로6길 15,37.5553579057749,126.922709032013
90,카시라,서울 마포구 월드컵로3길 47 2층,37.5501341257866,126.910142328196
91,마포덮밥,서울 마포구 동교로 218,37.5594231673016,126.923899554127
92,길동우동 합정역점,서울 마포구 양화로 72 126호,37.5508021700653,126.916715922466
93,안스비어,서울 마포구 잔다리로 65,37.5534503921668,126.917112919442
94,혼가츠,서울 마포구 와우산로21길 36-6 102호,37.5526404268708,126.922054326061
95,락희돈,서울 마포구 월드컵북로2길 86 1층,37.5582802556099,126.924747511429
96,왕돈까스&왕냉면 홍대점,서울 마포구 홍익로6길 52,37.5563118078566,126.924403968774
97,오리엔탈키친앤고 메세나폴리스점,"서울 마포구 양화로 45 메세나폴리스몰B 184, 185호",37.5491226824276,126.913544566078
98,오하루 홍대점,서울 마포구 홍익로 15 1층,37.5537648594836,126.922996320328
99,코코이찌방야 합정역메세나폴리스점,서울 마포구 양화로 45 메세나폴리스 2층,37.5491226824276,126.913544566078
100,롤링라이스 홍대점,서울 마포구 동교로27길 8-3 1층,37.5590323905635,126.923043301567
101,외양간,서울 마포구 월드컵로3길 35,37.5502362499689,126.910790643585
102,루나씨엘로,서울 마포구 동교로34길 21,37.5608539329308,126.925568658019
103,연남휴게소,서울 마포구 동교로 227-11,37.5607793675116,126.92351211301
104,참맛있는돈까스,서울 마포구 양화로 156,37.5561130617043,126.923446601456
105,마루돈까스,서울 마포구 양화로6길 17,37.5492724549145,126.915196361004
106,홍마떡 홍대본점,서울 마포구 홍익로5안길 24 2층,37.5536873496133,126.921455128719
107,혼가츠카레,서울 마포구 와우산로23길 42 2층,37.5546824346067,126.923688895298
108,카쿠시타,서울 마포구 동교로38길 33-15 지하 1층,37.5618676427003,126.926140242586
109,카미야,서울 마포구 와우산로21길 28-6,37.5525831557199,126.922376917358
110,닭과6펜스,서울 마포구 어울마당로 113-1,37.5550414756958,126.922985160737
111,고봉민김밥인 서대문가재울뉴타운점,서울 서대문구 가재울미래로 2 DMC가재울4구역 근린생활시설 102동 A103호,37.5744203632344,126.917897379411
112,청년다방 홍대로데오점,서울 마포구 홍익로 25 1층 101호,37.5544056031357,126.921965798065
113,가미,서울 서대문구 가재울미래로 2 DMC파크뷰자이 상가 102동 1층 101호,37.5744203632344,126.917897379411
114,정돈,서울 마포구 어울마당로 46 1층,37.5490650132805,126.920995781889
115,서교민,서울 마포구 양화로 78 지하 1층,37.5513850799331,126.916920785456
116,교다이야,서울 마포구 성지길 39,37.5468557927493,126.913206911081
117,U154,서울 마포구 월드컵북로2길 85,37.5583870724203,126.924541420447
118,다인,서울 마포구 동교로 277 1층,37.5641995695565,126.92623358305
119,와플속에돈까스 본사,서울 마포구 양화로 175 마젤란 21-502호,37.5577544597921,126.924365276187
120,1's 카츠곳간 홍대점,서울 마포구 잔다리로6길 25 2층 3호,37.5523787788854,126.920569825328
121,청년다방 가재울점,서울 서대문구 가재울미래로 2 디엠씨파크뷰자이 상가 201동 1층 101호,37.5744203632344,126.917897379411
122,홍대옛날왕돈까스,서울 마포구 홍익로2길 13 2층,37.5543780648775,126.923669174265
123,무타리,서울 마포구 양화로16길 26 성화빌딩 2층,37.5529847998659,126.920987343859
124,히메시야 서교직영점,서울 마포구 와우산로29마길 7 지하 1층,37.5556236881134,126.926790137055
125,댓짱돈까스 AK&홍대점,서울 마포구 양화로 188 5층,37.5574108322996,126.92696154839
126,고베규카츠 상수점,서울 마포구 양화로6길 103 2층,37.5484433171965,126.919915168072
127,후라토식당 상수직영점,서울 마포구 독막로15길 3-14,37.5485965798407,126.921394270471
128,201호,서울 마포구 연희로1길 19,37.5598711223182,126.925420464417
129,하카타나카,서울 마포구 와우산로23길 50 2층,37.5550254656396,126.923721818282
130,닝교초식당 홍대점,서울 마포구 어울마당로 127,37.5558935670542,126.923986326488
131,뇽즈,서울 마포구 연희로 17-1,37.5604647791937,126.926409866221
132,가츠신,서울 마포구 독막로2길 22 1층,37.5476309236091,126.914443886085
133,옥자회관,서울 마포구 성암로 219-6 1층,37.5788465182905,126.895165754465
134,홍대수카츠,서울 마포구 양화로6길 73 1층,37.5486228696036,126.91831258774
135,상수통,서울 마포구 독막로18길 12 1층,37.5472951978444,126.923761381028
136,마이클돈까스 상암본점,서울 마포구 월드컵북로 381 상암월드컵파크 4단지상가 212호,37.5779528826091,126.889887582062
137,가츠몽 동교동삼거리점,서울 서대문구 신촌로 5,37.5586807985434,126.927711246319
138,꼬숑돈까스,서울 서대문구 명물1길 2 1층,37.557838918578,126.937349643274
139,가타쯔무리,서울 서대문구 명지대길 72,37.5832293132826,126.923428579915
140,삼국일,서울 마포구 와우산로11길 28,37.5487461619761,126.921418896132
141,도프,서울 마포구 홍익로6길 14,37.5551502341875,126.922859540085
142,왕돈까스&왕냉면 북가좌점,서울 서대문구 응암로 89,37.5810821527522,126.911925484001
143,홍대이븟,서울 마포구 홍익로 10 푸르지오상가 101동 121호,37.5537619785992,126.923693794834
144,돈까스가땡길때 연희점,서울 서대문구 연희로8길 14,37.5652662109426,126.930766623748
145,하루돈까스 신촌본점,서울 서대문구 연세로7안길 16-3,37.5583014048469,126.935847841251
146,청년다방 서울홍대점,서울 마포구 양화로18안길 20,37.5567530358369,126.925696550942
147,도깨비우동,서울 서대문구 증가로 250,37.5833485696951,126.912245931182
148,한스델리 홍대점,서울 마포구 어울마당로 126-1 2층,37.5556389870294,126.92419154251
149,엠브로돈까스 신촌점,서울 서대문구 명물길 26,37.5578849859743,126.938255020931
150,하늘정원수제왕돈까스 본점,서울 서대문구 거북골로 53-6 1층,37.5781985881132,126.922557617035
151,아카시아식당,서울 마포구 성암로13길 60,37.5755639665073,126.897779136782
152,명아돈,서울 서대문구 거북골로 33-4 1층,37.5792534278099,126.92401511386
153,늘우짜,서울 서대문구 가재울로 72,37.5762045589207,126.921002777353
154,모야,서울 마포구 성암로 225-1 1층,37.5791251321609,126.894891737343
155,진돈,서울 마포구 성암로13길 58 2층,37.5757184810434,126.897772246535
156,카츠3.3 홍대점,서울 마포구 와우산로 66 2층,37.5504130685142,126.923290830966
157,돈앤샌드,서울 마포구 홍익로 3-3,37.5528908347785,126.923741648354
158,추억의역전우동,서울 서대문구 응암로 69,37.5794025024875,126.910702195346
159,써니네,서울 마포구 양화로18안길 16 3층,37.5567218146471,126.925479511791
160,카츠미 신촌점,서울 서대문구 연세로7안길 2 2층,37.5577506961687,126.936478821472
161,돈까스클럽 상암점,서울 마포구 매봉산로 31 지하1층,37.5757269662412,126.889972593033
162,니타로,서울 마포구 월드컵로1길 21 2층,37.5494236566901,126.911772632637
163,파쿠모리 홍대2호점,서울 마포구 어울마당로 132-1 지하1층,37.5558039911025,126.924804325054
164,가람수제돈가스,서울 마포구 신촌로2안길 6,37.5575246597945,126.927451151903
165,조아돈까스,서울 마포구 와우산로 150-2,37.5543985372498,126.929951203993
166,마루가메제면 신촌점,서울 서대문구 신촌로 87-4,37.5557509112143,126.936271826482
167,샘돈까스,서울 서대문구 거북골로 73,37.5770798327496,126.92067140419
168,왕돈까스왕냉면 가재울점,서울 서대문구 가재울로 86,37.5766890256236,126.920469180988
169,애플돈까스,서울 은평구 증산서길 70 1층,37.5826947970681,126.905913589523
170,삼번가,서울 서대문구 증가로 13,37.5694578920532,126.931193109684
171,홍대돈부리 홍대본점,서울 마포구 잔다리로6길 40-8 지하 1층,37.5520285183923,126.9213135987
172,압구정우동,서울 서대문구 가재울로 72,37.5762045589207,126.921002777353
173,하루엔소쿠 DMC센트럴아이파크점,서울 서대문구 남가좌동 388 1층,37.5793624340491,126.920840268509
174,달달데이 홍대점,서울 마포구 와우산로23길 35-6,37.554576685825,126.923315422304
175,가문의우동,서울 서대문구 연세로9길 13 1층,37.5584520868522,126.936079047663
176,부엉이돈가스 신촌점,서울 서대문구 연세로4길 62,37.5585051088786,126.939760115723
177,레드카펫,서울 마포구 와우산로23길 43 2층,37.5548010479363,126.923475444459
178,고베규카츠 신촌점,서울 서대문구 명물길 32 준성빌딩 3층,37.5580393361319,126.938445484078
179,요리야황제돈까스,서울 마포구 홍익로 3-3,37.5528908347785,126.923741648354
180,다쯔미코 홍대점,서울 마포구 양화로 176 7층,37.5572467836494,126.924986220455
181,카츠업,서울 서대문구 연세로5길 32,37.5563637264718,126.935363643304
182,돈키스생고기,서울 서대문구 홍연길 8 1층,37.5747087270181,126.927605307087
183,아맛나슈퍼 홍대점,서울 마포구 잔다리로6길 35 지하1층,37.5524565492281,126.921128683536
184,은하계소소한맛집,서울 마포구 잔다리로 30-18,37.5516256567943,126.92006850016
185,로얄싸롱,서울 서대문구 연희로11가길 43,37.5665779525571,126.927876570109
186,욕심쟁이마녀돈까스,서울 마포구 와우산로17길 25 2층,37.5500745240722,126.921449300999
187,푸드,서울 마포구 와우산로22길 42,37.5506785096346,126.924138512678
188,생선구이와돈까스2,서울 서대문구 명지대2길 7 1층,37.5815828108786,126.924929204816
189,카츠미 홍대본점,서울 마포구 어울마당로 51 2층,37.5496832545738,126.920691508687
190,히메시야,서울 마포구 독막로15길 3-18,37.5486783269757,126.9212989013
191,토모다찌,서울 마포구 월드컵북로 361,37.577109695587,126.891403860718
192,부타돈카츠 상암DMC점,서울 마포구 매봉산로 75 동아디지털미디어센터 지하1층 빌앤쿡,37.5784518308273,126.892899428472
193,브라운돈까스 상암MBC몰점,서울 마포구 성암로 267 MBC몰 방송센터지하1층 B113호,37.5811234199086,126.890988995582
194,마이클돈부리,서울 마포구 상암산로1길 24 상가 1층 101호,37.5776672075953,126.889341666118
195,키오쿠,서울 마포구 와우산로29길 4-15 지하1층,37.5551002163386,126.929316553117
196,도쿄총각,서울 서대문구 명지대2길 14 2층,37.5817967155085,126.925226967197
197,경성주방,서울 마포구 월드컵북로54길 17 사보이씨티DMC 제지1층 제비124호,37.581324224744,126.888548408154
198,무사시,서울 서대문구 신촌로 125,37.5563066761114,126.939760980085
199,무라 홍대2호점,서울 마포구 와우산로29길 4-38,37.5551790341489,126.929434631213
200,프라하펍,서울 마포구 와우산로11길 9-9,37.548536812691,126.922437468686
201,왕돈까스&왕냉면 상암점,서울 마포구 성암로13길 43 1층,37.5763243701166,126.897530405016
202,긴자료코 연희직영점,서울 서대문구 연희로12길 8 1층,37.5666480015418,126.931424112334
203,와카바,서울 마포구 신촌로18길 21,37.5545317501296,126.934911406044
204,그래도돈까스,서울 마포구 월드컵북로 396 누리꿈스퀘어 제비1049호,37.5794419093126,126.890322604776
205,히메지 2호점,서울 서대문구 연희로11길 41,37.5682422653995,126.92920588507
206,오군수제돈까스 신수동점,서울 마포구 독막로 182 1층,37.5472058041113,126.933741808609
207,이자와 홍대상수점,서울 마포구 와우산로13길 25,37.5491479621087,126.922030351021
208,기소야 플러스상암MBC점,서울 마포구 성암로 267 MBC몰 방송센터 지하1층,37.5811234199086,126.890988995582
209,미스터빠삭 신촌서강대점,서울 마포구 백범로 17,37.5531425953883,126.937417855277
210,츠키젠,서울 마포구 독막로8길 23 1층,37.5468114335871,126.918083717499
211,홍대삭 상수본점,서울 마포구 독막로 67-8,37.5482285842797,126.920947778526
212,히카리우동,서울 은평구 가좌로 190 2층,37.5879155725885,126.920187541624
213,합정생고기김치찌개,서울 마포구 독막로 49,37.5480753333498,126.918835994537
214,펍47,서울 마포구 잔다리로3안길 36,37.5504731080927,126.919417556433
215,와이쿠페 홍대점,서울 마포구 홍익로 6,37.5532978345148,126.924050753825
216,용스시&돈까스,서울 서대문구 명물길 4,37.5572967348437,126.937248465038
217,혼또니라멘,서울 마포구 성암로13길 60,37.5755639665073,126.897779136782
218,용자돈돈까스 직영점,서울 은평구 가좌로7길 20-1,37.5863015890248,126.919076651703
219,만냥하우스,서울 서대문구 성산로 402-1,37.5612894009044,126.93233334963
220,미고돈까스,서울 마포구 월드컵북로 396,37.5794419093126,126.890322604776
221,스시가마시,서울 마포구 독막로 96 1층,37.5475504690915,126.924069485842
222,고이짱돈카츠,서울 마포구 백범로 38 2층,37.5512247781555,126.937506823757
223,담은,서울 서대문구 가재울로 35 1층,37.5746890799118,126.921669103008
224,꿀벌,서울 마포구 와우산로13길 49-11 지하1층,37.548247134132,126.921336471931
225,스파이시페퍼,서울 마포구 와우산로21길 36-6 101호,37.5526404268708,126.922054326061
226,포보 홍대점,서울 마포구 홍익로 3-5,37.5528430302232,126.923661686301
227,비턴 홍대점,서울 마포구 어울마당로 147-1 2층,37.5567260081383,126.926275016574
228,식탁이야기,서울 마포구 월드컵북로54길 17 사보이시티DMC 2층 211호,37.581324224744,126.888548408154
229,까사라티나,서울 마포구 와우산로29가길 13,37.5542683101067,126.928691952837
230,홍대돈부리 홍대2호점,서울 마포구 어울마당로 37 1층,37.5486449992946,126.920238485442
231,돈천동식당,서울 마포구 월드컵북로 402 KGIT센터푸드코트,37.580107752042,126.888982346416
232,돈까스짱 응암점,서울 은평구 응암로4길 23,37.5868875155764,126.917144468619
233,송주불냉면 왕돈가스,서울 마포구 신촌로18길 21,37.5545317501296,126.934911406044
234,호루라기,서울 서대문구 연희로11가길 47,37.5664815547736,126.927743551579
235,옛집,서울 마포구 신촌로10길 8,37.5563552453746,126.931818565943
236,꼬알라포차,서울 마포구 독막로5길 33,37.5494395256208,126.918560544688
237,돈까스하우스,서울 마포구 창전로 45,37.5468633373876,126.93200351596
238,김영희동태찜&코다리냉면 상암점,서울 마포구 성암로13길 33,37.5766586521656,126.897234707244
239,와우산포차 홍대1호점,"서울 마포구 와우산로19길 5 지하1층, 1층",37.5511296097332,126.922841277063
240,태기야,서울 마포구 월드컵북로 402 KGIT센터 지하 1층,37.580107752042,126.888982346416
241,도도한양꼬치 홍대본점,서울 마포구 와우산로29길 4-26 2층,37.5550312797803,126.929601021242
242,한우동 남가좌2점,서울 서대문구 명지대길 97,37.5843010045769,126.923089869139
243,그릴로,서울 마포구 와우산로29길 69 1층,37.5561513805988,126.926465262986
244,서민국수,서울 마포구 매봉산로2안길 12-5 1층,37.5779312381835,126.89440130332
245,긴자료코 명지대점,서울 서대문구 명지대2길 14 1층 101호,37.5817967155085,126.925226967197
246,루네타,서울 마포구 잔다리로 5 1~3층,37.5505195668914,126.922326661681
247,아쯔다무라,서울 서대문구 증가로10길 25,37.5786645296903,126.923583142768
248,부자상회,서울 마포구 백범로 13 신촌르메이에르타운2 2층 206호,37.5534472643432,126.937496367054
249,HOBAR 홍대V2점,서울 마포구 잔다리로 11 1층,37.5505968031709,126.921812015741
250,우시,서울 마포구 성암로15길 19,37.5779416258969,126.895952908547
251,쵸가정 홍대합정점,서울 마포구 양화로6길 103 1층,37.5484433171965,126.919915168072
252,땡땡거리김밥집,서울 마포구 서강로11길 36-12 102호,37.5544449069954,126.931899300329
253,가쯔레쯔,서울 마포구 월드컵북로50길 7-14,37.5774492994125,126.893601726462
254,마리김밥 명지대점,서울 서대문구 거북골로 57,37.5781144864402,126.922087666055
255,오밀,서울 마포구 독막로19길 42-12,37.5494108656999,126.923952623843
256,델리 홍대점,서울 마포구 와우산로 117,37.5534285555352,126.926448473084
257,윤오므라이스,서울 서대문구 연세로7안길 34-4,37.5582737615065,126.935055395291
258,이자와 신촌점,서울 서대문구 연세로 29,37.5582223114286,126.936708737412
259,브러너,서울 영등포구 양평로28길 11 1층,37.5408768077323,126.890496458027
260,술은여기가딱이야,서울 마포구 와우산로29길 51 지하1층,37.555704146475,126.927226229874
261,종로김밥 신촌로터리점,서울 서대문구 연세로5다길 3,37.5561820614684,126.935155672398
262,섬,서울 서대문구 연세로7안길 51 1F,37.5561820614684,126.935155672398
263,타고르,서울 마포구 와우산로 73 2층,37.5510188970321,126.923009896315
264,후루룩국수와돈가스,서울 은평구 증산로7길 16,37.5843970805887,126.9075573978
265,매반생면 누리꿈스퀘어점,서울 마포구 월드컵북로 396 누리꿈스퀘어 1080호,37.5794419093126,126.890322604776
266,모이미,서울 마포구 월드컵북로44길 82 2층,37.5778037874751,126.893542920382
267,서커스걸,서울 마포구 와우산로32길 19,37.5547812112745,126.931366631655
268,도어즈,서울 서대문구 연세로7길 38 2층,37.5579288349811,126.934846769743
269,온돈부리,"서울 마포구 월드컵북로54길 25 상암DMC푸르지오시티 218,219호",37.5820926424763,126.888984720113
270,더블더블,서울 서대문구 연세로11길 39,37.5589069190487,126.934614467927
271,돈키오돈가스&함박 본점,서울 마포구 독막로 146 1층,37.5473982126574,126.929766965444
272,김밥천국 신촌로타리점,서울 마포구 백범로 8,37.5540039439813,126.936731657301
273,가츠벤또 서강대본점,서울 마포구 백범로 13 신촌르메이에르타운 2차 105호,37.5534472643432,126.937496367054
274,LA식당,서울 마포구 월드컵북로 375,37.5775739803674,126.890723266484
275,남도분식 현대백화점신촌점,서울 서대문구 신촌로 83 지하1층,37.5560830579515,126.935844876509
276,김밥사랑 증산점,서울 은평구 증산로9길 13,37.585321686489,126.908840831913
277,국수나무 상암DMC점,서울 마포구 월드컵북로 396 누리꿈스퀘어 지하1층 1025호,37.5794419093126,126.890322604776
278,삼삼포차 신촌점,서울 서대문구 연세로7안길 20 1층~지하1층,37.5582255533368,126.935705076223
279,홍대돈부리 신촌점,서울 서대문구 연세로12길 28 지하1층,37.5589394807313,126.938538681852
280,코코이찌방야 상암MBC점,서울 마포구 성암로 267 지하 1층,37.5811234199086,126.890988995582
281,이태리부대찌개 상암점,서울 마포구 월드컵북로54길 25 지하1층 B109호,37.5820926424763,126.888984720113
282,쏘렌토 명지대점,서울 서대문구 가좌로 114,37.5827140587165,126.926008362592
283,내일식당,서울 영등포구 양평로22길 25,37.5400389729742,126.895371054445
284,쿠벤 신촌점,서울 서대문구 연세로9길 10-7 지하1층 1호,37.5588748863739,126.936174661874
285,선어수산52,서울 영등포구 양평로22길 25 1층,37.5400389729742,126.895371054445
286,유바바 상암점,서울 마포구 상암산로 76 YTN뉴스퀘어 지하 1층,37.5791943482019,126.892314544858
287,고씨네 상암DMC점,서울 마포구 월드컵북로54길 25 상암DMC푸르지오시티 205호,37.5820926424763,126.888984720113
288,후라토식당 상암점,서울 마포구 월드컵북로54길 25 상암DMC푸르지오시티 지하1층 B107호,37.5820926424763,126.888984720113
289,호프왕,"서울 서대문구 연세로7길 18 아주빌딩 4, 5층",37.5577887496011,126.935870123899
290,청년다방 신촌점,서울 서대문구 신촌로 139 1층,37.5567085053692,126.941340583114
291,리틀모모야 상암점,서울 마포구 월드컵북로54길 17 사보이시티디엠씨 1층 115호,37.581324224744,126.888548408154
292,푸드명가,서울 영등포구 양평로22길 21 선유도코오롱디지털타워 지하 1층,37.5398071417051,126.894657064548
293,홍두깨손칼국수,서울 은평구 응암로 174-1,37.5874414620912,126.916911297122
294,남원추어탕,서울 마포구 독막로26길 8,37.5470127432257,126.934917491665
295,종로김밥 신촌역점,서울 서대문구 신촌로 127 104호,37.5564623964348,126.939992863232
296,청춘뽀까,서울 마포구 월드컵북로54길 17,37.581324224744,126.888548408154
297,푸드엠파이어 세브란스병원점,서울 서대문구 연세로 50-1 세브란스병원본관 3층,37.5614057751829,126.940823392238
298,술고래유괴단,서울 은평구 응암로13길 25-1,37.5887226896799,126.914536591113
299,제주도해장국해물 상암점,서울 마포구 월드컵북로 434,37.5816223202625,126.886049581236
300,국수나무 선유도역점,서울 영등포구 양평로24길 9 1층,37.5402803267019,126.891745831623
301,교토선생,서울 마포구 월드컵북로54길 25 지하1층,37.5820926424763,126.888984720113
302,오비호프타운,서울 은평구 응암로11길 3,37.5882567689311,126.916272039636
303,옥이네,서울 마포구 월드컵로42길 14,37.5782644403453,126.882227142084
304,와츠킹 응암점,서울 은평구 응암로11길 16,37.5889845329847,126.915307347753
,name,address,lat,long
0,마포구보건소,서울 마포구 월드컵로 212,37.5663128370109,126.901615668932
1,마포구보건소,서울 마포구 월드컵로 212,37.5663128370109,126.901615668932
2,마포구보건소,서울 마포구 월드컵로 212,37.5663128370109,126.901615668932
3,서대문구 가좌보건지소,서울 서대문구 수색로 100-55 주민센터 3~4층,37.5743026681567,126.910190726399
4,마포구보건소 서강보건분소,서울 마포구 독막로 165 서강동주민센터 3층,37.5474860706906,126.931939240491
,name,address,lat,long
0,알파 마포구청점,서울 마포구 월드컵로34길 14 2층,37.5650651601993,126.903940151185
1,알파 서교점,서울 마포구 월드컵북로 121,37.5638114265788,126.912764268039
2,학생의집,서울 마포구 모래내로9길 24,37.5682080690851,126.911986601068
3,성서문구,서울 마포구 성산로4길 46,37.5634510122067,126.909276200165
4,코아문구,서울 마포구 성미산로7길 3,37.5591709126609,126.912369817253
5,잉크토너문구,서울 마포구 성미산로 22,37.5584400686286,126.910745439222
6,모아문구팬시,서울 마포구 월드컵북로 233 성산시영아파트 종합상가 115호,37.5697322900238,126.903135454197
7,색연필플러스 마포중앙도서관점,서울 마포구 성산로 128 지하1층,37.5637954434775,126.908201874198
8,수도사,서울 마포구 성산로4길 2,37.5637970622816,126.907275671576
9,일지산업사,서울 마포구 월드컵북로12길 54,37.5635413188114,126.915504692435
10,주식회사이바이오젠,서울 마포구 성미산로 10,37.5581224854556,126.909350227902
11,아뜰리에 피아커,서울 마포구 동교로23길 105,37.5597217143411,126.917400127088
12,아란스,서울 마포구 월드컵북로16길 7,37.5628710744138,126.914637210679
13,C&PBizSolution,서울 마포구 월드컵북로 137,37.5648258493667,126.91166211022
14,바움앤파트너스,서울 마포구 월드컵로 157,37.5616066470656,126.904781124598
15,주식회사상아제지,서울 마포구 월드컵로 151,37.5612018714899,126.905169288161
16,드림디포 서교점,서울 마포구 월드컵로 64,37.5550606303107,126.911372485827
17,손수샵,서울 마포구 월드컵로19길 36,37.555946154556,126.907757222955
18,동백문구점,서울 마포구 월드컵로25길 85 1층,37.557433552779,126.903073511354
19,두트와,서울 마포구 월드컵로23길 18 2층,37.5570912724893,126.907809230389
20,잉크솔루션,서울 마포구 성암로3나길 25,37.569193724046,126.910265909416
21,라페,서울 마포구 월드컵로 87,37.5564742974241,126.909240634072
22,솜곰,서울 마포구 월드컵로17길 37 2층,37.555673921871,126.908050678304
23,사모문구,서울 마포구 월드컵로 75,37.5556322935424,126.91015440036
24,가만히문구,서울 마포구 월드컵로25길 79,37.5574917951463,126.903339626827
25,동교문구,서울 마포구 망원로 57,37.5571221796418,126.903197276345
26,라인프렌즈 L7홍대점,서울 마포구 양화로 141 L7홍대 1~2층,37.5557534793508,126.921669461673
27,말랑상점,서울 마포구 포은로 85,37.5546472223848,126.905186195607
28,어프어프스토어,서울 마포구 포은로 87,37.5548213225525,126.905108225614
29,베스트연남문구,서울 마포구 성미산로 105 1층,37.5619758520755,126.91873376627
30,KEPLER49,서울 마포구 월드컵북로16길 59,37.5632295481154,126.917635414485
31,이오팬시,서울 마포구 월드컵로13길 19-18,37.5550558440082,126.90852280214
32,아리엘상사,서울 마포구 월드컵로31길 83,37.5599623625439,126.900559900004
33,온유어마인드,서울 마포구 성미산로27길 67,37.56628099886,126.92019738659
34,펜크래프트,서울 마포구 월드컵로25길 85,37.557433552779,126.903073511354
35,한양문구센터,서울 서대문구 수색로 42,37.5704446606082,126.91425977513
36,마마미투,서울 마포구 포은로 106,37.5564173247237,126.904853935243
37,베스트플러스사무뱅크,서울 마포구 성미산로 105,37.5619758520755,126.91873376627
38,유어굿즈,서울 마포구 망원로6길 56,37.5544353519126,126.903792753464
39,기록상점,서울 마포구 성미산로29길 24-6 2~4층,37.5651239482574,126.922509126892
40,멜리,서울 마포구 망원로 59,37.5571630499336,126.903374570129
41,피플이엔티,서울 마포구 동교로13길 4,37.5548789627216,126.913647014831
42,문구완구마을,서울 마포구 동교로27길 72,37.5608287680383,126.920683770726
43,아무개씨,서울 마포구 희우정로10길 20 1층,37.5530053642771,126.905111093951
44,아이윌컴퍼니,서울 마포구 동교로12안길 29,37.5542322596512,126.913938951277
45,오피스마트 홍대점,서울 마포구 월드컵북로 24,37.557015953841,126.919786367765
46,잉크블루 망원점,서울 마포구 월드컵로11길 35,37.5541436604576,126.909205435003
47,이든디자인,서울 마포구 연남로3길 46-8 102호,37.560658950086,126.920045382342
48,조구만스튜디오,서울 마포구 동교로13길 29,37.5556797477259,126.912516277989
49,지구촌문구,서울 마포구 포은로 91,37.5551714301127,126.904971295163
50,멜리(melly),서울 마포구 망원로 59,37.5571630499336,126.903374570129
51,달링스푼,서울 마포구 동교로41길 4,37.5626959444732,126.924315686285
52,핀어웨이큰,서울 마포구 월드컵북로5가길 8-7 1층,37.5567666770421,126.918252430266
53,드림오피스 서교점,서울 마포구 동교로 150,37.5553034492111,126.918762741798
54,알파 합정점,서울 마포구 양화로 59,37.5506586876484,126.914885960173
55,살렘상사,서울 마포구 성미산로 128,37.5629181112986,126.920986248764
56,카카오프렌즈 홍대플래그십스토어,서울 마포구 양화로 162 좋은사람들빌딩 1~3층,37.5564298566954,126.923871361997
57,키위가루,서울 서대문구 수색로 100,37.5747271873697,126.90781488868
58,문구사랑모닝아트 합정점,서울 마포구 포은로 46,37.5515660179997,126.907148235363
59,라고,서울 마포구 월드컵북로4길 12 SJ빌딩 4층,37.5569655118762,126.920740831893
60,온누리전산,서울 마포구 월드컵로25길 155 조광아트빌라 103호,37.5565609770255,126.899246497212
61,버터 홍대점,서울 마포구 양화로 153 이랜드 복합관 홍대점 지하2층,37.5564943733388,126.922631917858
62,소노,서울 마포구 월드컵북로6길 64,37.5594021249148,126.921756638403
63,허브프린텍,서울 마포구 희우정로 96,37.5540328165299,126.902293526485
64,생각과 행동,서울 마포구 성미산로29안길 27-11,37.5656684619401,126.923124423078
65,랩랩,서울 마포구 희우정로10길 22,37.5530829494306,126.905234803284
66,유스캔,서울 마포구 동교로 191 4층,37.5575443173423,126.922375619296
67,나이젠,서울 마포구 양화로7길 84,37.5543394579755,126.913910987777
68,제이스디자인,서울 서대문구 성산로 281 1607호,37.5668686806263,126.921620471117
69,블루아워,서울 마포구 망원로2길 95,37.553390193421,126.90412342232
70,사과나무,서울 마포구 성미산로32길 21-1,37.5633113085873,126.924149813334
71,에이엔 잉크(AN INC.),서울 마포구 성미산로 161-13,37.5652317949126,126.923611241219
72,소카모노,서울 마포구 성미산로 167-1,37.564443026202,126.924817147984
73,우주컨셉,서울 마포구 동교로 150,37.5553034492111,126.918762741798
74,테틈,"서울 마포구 동교로36길 15 1, 2층",37.5553034492111,126.918762741798
75,그날봄,서울 마포구 동교로46길 33,37.5622905805363,126.926589843395
76,워터멜론 서울홍대점,서울 마포구 연희로 11 한국특허정보원빌딩 1층,37.5599066519084,126.926329830937
77,연도문구,서울 마포구 연희로1길 48 202호,37.5609493510639,126.926146694997
78,동아문방구,서울 서대문구 수색로10길 21,37.5759678944338,126.905021286665
79,아트박스 홍대AK점,서울 마포구 양화로 188 AK& 홍대점 1층,37.5574108322996,126.92696154839
80,더키월드 플래그십 스토어,"서울 마포구 양화로18안길 26 1,2층",37.5574108322996,126.92696154839
81,아에이오우,서울 마포구 동교로38길 33-12,37.5616340858423,126.926254674487
82,말랑상점 연남점,서울 마포구 동교로46길 23,37.5623444043086,126.926067221131
83,스탠다드러브댄스,서울 마포구 연희로 37 1층,37.5620836691686,126.927102767093
84,봄곰,서울 마포구 양화로12길 16-12 2층,37.5514496959266,126.918492833636
85,작은연필가게 흑심,서울 마포구 연희로 47 3층 301호,37.5629577573225,126.927740390288
86,모닝문구열쇠도장,서울 서대문구 거북골로 174-1,37.5769846886238,126.911064511516
87,알파 연희점,서울 서대문구 연희로 81-15 지하1층,37.565755471959,126.929130364531
88,카툰네트워크샵 홍대점,서울 마포구 와우산로23길 38,37.5544528670127,126.923699088506
89,알파 명지대점,서울 서대문구 거북골로 55,37.5781945691628,126.922200563948
90,한국폼텍 디자인연구센터,서울 마포구 잔다리로3길 34 스페이스맘 2층,37.5506957017413,126.917916281049
91,앤드가족,서울 마포구 잔다리로3길 19,37.5510024627929,126.918655827914
92,문구샵,서울 서대문구 응암로 41,37.5773068429057,126.908883886329
93,마찌,서울 마포구 신촌로4길 5 2층,37.5576201231188,126.928712865506
94,예스앤모어컴퍼니,서울 마포구 잔다리로3길 34,37.5506957017413,126.917916281049
95,아트박스 신촌점,서울 서대문구 명물길 23,37.5581938175898,126.937854004585
96,드림디포 상암점,서울 마포구 매봉산로 45 KBS미디어센터 지하1층,37.5765125877795,126.890992094988
97,주식회사 페이퍼타이거,서울 마포구 양화로6길 19,37.5492506318267,126.915295517355
98,어드벤처타임,서울 마포구 와우산로23길 38,37.5544528670127,126.923699088506
99,차밍랜드 홍대점,서울 마포구 와우산로37길 28,37.5564462419626,126.929510055658
100,리코더스토어,서울 마포구 성지3길 40 지하1층,37.5463355981943,126.915124097488
101,CN스토어,서울 마포구 와우산로23길 38 1층,37.5544528670127,126.923699088506
102,무유무유 상수점,서울 마포구 독막로7길 19,37.5489307246362,126.91881175536
103,썸머힐소품샵,서울 서대문구 증가로 27 2층,37.5705445950402,126.930293105947
104,알파 연대점,서울 서대문구 연세로 39 지하1층,37.5591704174651,126.936684281057
105,요미토이,서울 마포구 와우산로29가길 13 1층,37.5542683101067,126.928691952837
106,리훈맨션,서울 서대문구 연희로11길 45-21 리훈맨션 1층,37.567891538236,126.928657687794
107,모두문구,서울 서대문구 거북골로 195,37.5780620819116,126.909151267913
108,마넷,서울 마포구 성지1길 35 2층,37.5480423662116,126.915509742581
109,모닝글로리 연희점,서울 서대문구 연희맛로 28 1층,37.5672811436291,126.930520718584
110,대성문구,서울 서대문구 가재울로 45,37.5756789046811,126.92084711121
111,쥬쥬마켓,서울 마포구 신촌로2안길 40 위저드빌I 1층,37.5568078429449,126.929109979547
112,한가람문구 홍익대점,서울 마포구 창전동 436-2 홍익대학교 홍문관,37.5526952571991,126.92505347833
113,더리코더팩토리,서울 마포구 성지3길 40 1층,37.5463355981943,126.915124097488
114,알파 상암점,"서울 마포구 월드컵북로 402 케이지아이티센터 125,126호",37.580107752042,126.888982346416
115,알파 신촌점,서울 마포구 신촌로 102,37.5545904348421,126.937297361224
116,원서드스토어,서울 서대문구 연희로11마길 62 1층,37.5697447750991,126.925559811507
117,KT&G 상상마당 디자인스퀘어,서울 마포구 어울마당로 65 1층,37.5509576951977,126.921063042067
118,씽크빅문구센타 홍익화방,서울 마포구 와우산로 100,37.5528472287449,126.924728077287
119,오벌,서울 마포구 와우산로29길 48-29 3층,37.5562580269541,126.927727167722
120,모닝글로리 본사직영점,서울 마포구 와우산로 160 1층,37.5551133015474,126.93056630834
121,메이드모먼,서울 마포구 와우산로29길 50,37.5558897827299,126.927422632595
122,루카랩,서울 마포구 독막로6길 30 1층,37.5467364547047,126.916900596936
123,글월,서울 서대문구 증가로 10 연궁빌딩 403호,37.5693884840153,126.931759938035
124,썸띵,서울 마포구 와우산로 29-18 1층,37.5474065415516,126.921938467429
125,오피스큐브,서울 서대문구 증가로30길 3,37.583298214802,126.912502989411
126,서커스보이밴드,서울 마포구 독막로5길 23 3층,37.5490840454683,126.918247241653
127,레몬즈,서울 마포구 상암동 8-4 DMC산학벤처오피스,37.5490840454683,126.918247241653
128,대흥문구(명지대),서울 서대문구 거북골로 41-1,37.5789250266562,126.923335515185
129,아트문구,서울 서대문구 증가로 217,37.5811290103104,126.914631652953
130,렘브란트,서울 마포구 와우산로23길 9,37.5534328399931,126.924387637935
131,푸리프,서울 마포구 어울마당로 60,37.5504000202376,126.921397469014
132,디엠씨문구,서울 서대문구 증가로 144,37.5777434230482,126.921627865955
133,모닝글로리 북가좌점,서울 서대문구 증가로24라길 38,37.5825862288416,126.918908134686
134,에이스문구센터,서울 서대문구 연희로 156,37.5710034848672,126.934728863725
135,창서문구,서울 서대문구 연세로5나길 30-2,37.557036229264,126.93470573771
136,드림오피스,서울 마포구 월드컵북로 396,37.5794419093126,126.890322604776
137,판화공방,서울 마포구 와우산로29길 27,37.5551047635739,126.928340320093
138,유니전산,서울 은평구 수색로 245,37.5808031712813,126.896968397669
139,데스크온,서울 마포구 독막로 88,37.5475156867782,126.923227600752
140,연세팬시&문구점,서울 서대문구 연세로 50 연세대학교 공학원 B187,37.5638064365127,126.942930940634
141,한국디지털지도,서울 마포구 서강로 95,37.5520441337502,126.932100095013
142,문구마을,서울 서대문구 홍연길 87,37.5768701260661,126.931228062773
143,MBC브랜드스토어,서울 마포구 성암로 267 1층,37.5811234199086,126.890988995582
144,아띠앤레브,서울 마포구 독막로22길 22,37.547079555145,126.928607933201
145,사무용문구,서울 은평구 수색로 260,37.5824399052983,126.895521529423
146,나라디엠,서울 마포구 와우산로3길 16,37.5461389190988,126.922063811817
147,파란나라문구,서울 서대문구 증가로24바길 70,37.5829682835805,126.919219967189
148,에이포럼제트 명지점,서울 서대문구 명지대길 10,37.5807940234173,126.925122003843
149,모닝롤프레스,서울 마포구 신촌로12길 26,37.5552781392942,126.932509110875
150,21세기문구,서울 은평구 증산서길 128,37.5861984532908,126.910503302163
151,오피스디포 상암DMC점,서울 마포구 월드컵북로54길 25 상암DMC푸르지오시티 1층,37.5820926424763,126.888984720113
152,공책디자인그래픽스,서울 마포구 와우산로 116,37.5530980562447,126.926282664647
153,넷마블스토어 신촌점,서울 서대문구 신촌로 83 지하 2층,37.5560830579515,126.935844876509
154,색연필 명지점,서울 서대문구 가좌로 120,37.5832271329719,126.925512763962
155,제로센치미터(ZEROcm),서울 서대문구 증가로2길 56-56,37.5734870547148,126.930736034323
156,드림문구,서울 마포구 창전로 66,37.5483026653971,126.932918259254
157,키트스쿨,서울 은평구 증산로11길 3 3층,37.586751489171,126.911949713822
158,알리스앤수,서울 서대문구 연희로 156,37.5710034848672,126.934728863725
159,칠성과학사,서울 서대문구 명지대길 66,37.5828935198616,126.923578027822
160,대림문구,서울 은평구 가좌로7길 27,37.5858032926358,126.918353606769
161,계명문구,서울 서대문구 명지대7길 13,37.5838034244566,126.922459879772
162,젤리크루 현대백화점 신촌점,서울 서대문구 신촌로 83 지하2층,37.5560830579515,126.935844876509
163,빛살과학,서울 은평구 가좌로7나길 19,37.5846865586609,126.91907556956
164,동아학생사,서울 서대문구 명지대7길 16,37.5839926627716,126.922231212532
165,화일링,서울 마포구 월드컵북로 402,37.580107752042,126.888982346416
166,영아트,서울 은평구 은평터널로 65,37.5869084488294,126.899228930475
167,화일링,서울 마포구 월드컵북로 402,37.580107752042,126.888982346416
168,코데코,서울 서대문구 연세로 50,37.5638064365127,126.942930940634
169,월드전산,서울 은평구 응암로12길 18,37.5875122318735,126.918522365508
170,리코코리아 서울서비스센터,서울 영등포구 양평로22길 21 코오롱디지털타워 11층 1107호,37.5398071417051,126.894657064548
171,세경OA,서울 마포구 광성로 34,37.5497256066734,126.936660471914
172,창천식품문구,서울 마포구 백범로1길 59,37.5555991513348,126.939816891493
173,모닝글로리 상암점,서울 마포구 상암산로1길 73,37.5801632645329,126.88320489546
174,명지대학교 구내문구,서울 서대문구 가좌로 134,37.5853653010621,126.925689858552
175,매드맵,서울 은평구 응암로12길 30 1층,37.5869960626623,126.919719561711
176,대한잉크 서부영업소,서울 영등포구 선유로53길 34-15,37.5390124662003,126.895373507123
177,백호문구서점,서울 마포구 광성로6안길 10,37.5488686594995,126.938176228574
178,위너스바이오,서울 서대문구 가좌로2길 11-4,37.5855140147502,126.924209487641
179,우현시스템,서울 마포구 광성로 36-1 서광빌딩 2층,37.5496542116856,126.937098931917
180,헬로키티,서울 영등포구 선유로55길 11,37.5377906428336,126.897869418375
181,하이테크신도판매,서울 영등포구 선유로 277-12,37.5375877087169,126.897940185302
182,토그,서울 마포구 독막로28길 10,37.5469876738155,126.936198604041
183,헬로키티,서울 영등포구 선유로55길 11,37.5377906428336,126.897869418375
184,헬로키티,서울 영등포구 선유로55길 11,37.5377906428336,126.897869418375
185,복숭아문방구,서울 마포구 성미산로27길 34 1층,37.5651089530315,126.921360511145
186,몽롱문방구,서울 서대문구 연세로11길 27,37.5588691806342,126.935292892924
